"R0","N","schedule","p_free_20y","p_free_50y"
1.2,5,"No vaccination (status quo)",0.935,0.99
1.35,5,"No vaccination (status quo)",0.91,1
1.5,5,"No vaccination (status quo)",0.755,0.97
1.75,5,"No vaccination (status quo)",0.795,0.995
2,5,"No vaccination (status quo)",0.68,0.97
2.5,5,"No vaccination (status quo)",0.59,0.89
3,5,"No vaccination (status quo)",0.58,0.9
4,5,"No vaccination (status quo)",0.39,0.8
5,5,"No vaccination (status quo)",0.335,0.675
6.5,5,"No vaccination (status quo)",0.28,0.56
8,5,"No vaccination (status quo)",0.245,0.525
1.2,8,"No vaccination (status quo)",0.9,0.995
1.35,8,"No vaccination (status quo)",0.825,0.975
1.5,8,"No vaccination (status quo)",0.68,0.925
1.75,8,"No vaccination (status quo)",0.575,0.88
2,8,"No vaccination (status quo)",0.48,0.835
2.5,8,"No vaccination (status quo)",0.37,0.65
3,8,"No vaccination (status quo)",0.235,0.48
4,8,"No vaccination (status quo)",0.125,0.31
5,8,"No vaccination (status quo)",0.12,0.245
6.5,8,"No vaccination (status quo)",0.09,0.19
8,8,"No vaccination (status quo)",0.055,0.125
1.2,12,"No vaccination (status quo)",0.775,0.96
1.35,12,"No vaccination (status quo)",0.61,0.905
1.5,12,"No vaccination (status quo)",0.45,0.825
1.75,12,"No vaccination (status quo)",0.4,0.755
2,12,"No vaccination (status quo)",0.265,0.6
2.5,12,"No vaccination (status quo)",0.105,0.325
3,12,"No vaccination (status quo)",0.075,0.24
4,12,"No vaccination (status quo)",0.035,0.095
5,12,"No vaccination (status quo)",0.015,0.025
6.5,12,"No vaccination (status quo)",0.01,0.02
8,12,"No vaccination (status quo)",0,0.005
1.2,20,"No vaccination (status quo)",0.545,0.855
1.35,20,"No vaccination (status quo)",0.415,0.72
1.5,20,"No vaccination (status quo)",0.205,0.565
1.75,20,"No vaccination (status quo)",0.065,0.33
2,20,"No vaccination (status quo)",0.035,0.2
2.5,20,"No vaccination (status quo)",0.015,0.08
3,20,"No vaccination (status quo)",0,0.005
4,20,"No vaccination (status quo)",0,0
5,20,"No vaccination (status quo)",0,0
6.5,20,"No vaccination (status quo)",0,0
8,20,"No vaccination (status quo)",0,0
1.2,35,"No vaccination (status quo)",0.385,0.71
1.35,35,"No vaccination (status quo)",0.165,0.475
1.5,35,"No vaccination (status quo)",0.07,0.265
1.75,35,"No vaccination (status quo)",0.01,0.06
2,35,"No vaccination (status quo)",0,0.02
2.5,35,"No vaccination (status quo)",0,0
3,35,"No vaccination (status quo)",0,0
4,35,"No vaccination (status quo)",0,0
5,35,"No vaccination (status quo)",0,0
6.5,35,"No vaccination (status quo)",0,0
8,35,"No vaccination (status quo)",0,0
1.2,50,"No vaccination (status quo)",0.175,0.52
1.35,50,"No vaccination (status quo)",0.08,0.275
1.5,50,"No vaccination (status quo)",0.025,0.07
1.75,50,"No vaccination (status quo)",0,0.02
2,50,"No vaccination (status quo)",0,0.005
2.5,50,"No vaccination (status quo)",0,0
3,50,"No vaccination (status quo)",0,0
4,50,"No vaccination (status quo)",0,0
5,50,"No vaccination (status quo)",0,0
6.5,50,"No vaccination (status quo)",0,0
8,50,"No vaccination (status quo)",0,0
1.2,75,"No vaccination (status quo)",0.1,0.355
1.35,75,"No vaccination (status quo)",0.015,0.11
1.5,75,"No vaccination (status quo)",0.005,0.02
1.75,75,"No vaccination (status quo)",0,0
2,75,"No vaccination (status quo)",0,0
2.5,75,"No vaccination (status quo)",0,0
3,75,"No vaccination (status quo)",0,0
4,75,"No vaccination (status quo)",0,0
5,75,"No vaccination (status quo)",0,0
6.5,75,"No vaccination (status quo)",0,0
8,75,"No vaccination (status quo)",0,0
1.2,100,"No vaccination (status quo)",0.045,0.225
1.35,100,"No vaccination (status quo)",0.005,0.02
1.5,100,"No vaccination (status quo)",0,0
1.75,100,"No vaccination (status quo)",0,0
2,100,"No vaccination (status quo)",0,0
2.5,100,"No vaccination (status quo)",0,0
3,100,"No vaccination (status quo)",0,0
4,100,"No vaccination (status quo)",0,0
5,100,"No vaccination (status quo)",0,0
6.5,100,"No vaccination (status quo)",0,0
8,100,"No vaccination (status quo)",0,0
1.2,150,"No vaccination (status quo)",0,0.1
1.35,150,"No vaccination (status quo)",0,0.005
1.5,150,"No vaccination (status quo)",0,0
1.75,150,"No vaccination (status quo)",0,0
2,150,"No vaccination (status quo)",0,0
2.5,150,"No vaccination (status quo)",0,0
3,150,"No vaccination (status quo)",0,0
4,150,"No vaccination (status quo)",0,0
5,150,"No vaccination (status quo)",0,0
6.5,150,"No vaccination (status quo)",0,0
8,150,"No vaccination (status quo)",0,0
1.2,200,"No vaccination (status quo)",0,0.015
1.35,200,"No vaccination (status quo)",0,0
1.5,200,"No vaccination (status quo)",0,0
1.75,200,"No vaccination (status quo)",0,0
2,200,"No vaccination (status quo)",0,0
2.5,200,"No vaccination (status quo)",0,0
3,200,"No vaccination (status quo)",0,0
4,200,"No vaccination (status quo)",0,0
5,200,"No vaccination (status quo)",0,0
6.5,200,"No vaccination (status quo)",0,0
8,200,"No vaccination (status quo)",0,0
1.2,5,"Lifelong immunity, calves only (paper assumption)",0.985,1
1.35,5,"Lifelong immunity, calves only (paper assumption)",0.965,1
1.5,5,"Lifelong immunity, calves only (paper assumption)",0.945,0.995
1.75,5,"Lifelong immunity, calves only (paper assumption)",0.96,1
2,5,"Lifelong immunity, calves only (paper assumption)",0.94,1
2.5,5,"Lifelong immunity, calves only (paper assumption)",0.9,1
3,5,"Lifelong immunity, calves only (paper assumption)",0.88,1
4,5,"Lifelong immunity, calves only (paper assumption)",0.905,1
5,5,"Lifelong immunity, calves only (paper assumption)",0.84,1
6.5,5,"Lifelong immunity, calves only (paper assumption)",0.79,0.99
8,5,"Lifelong immunity, calves only (paper assumption)",0.75,1
1.2,8,"Lifelong immunity, calves only (paper assumption)",0.985,1
1.35,8,"Lifelong immunity, calves only (paper assumption)",0.975,1
1.5,8,"Lifelong immunity, calves only (paper assumption)",0.91,1
1.75,8,"Lifelong immunity, calves only (paper assumption)",0.915,1
2,8,"Lifelong immunity, calves only (paper assumption)",0.9,1
2.5,8,"Lifelong immunity, calves only (paper assumption)",0.855,1
3,8,"Lifelong immunity, calves only (paper assumption)",0.855,0.995
4,8,"Lifelong immunity, calves only (paper assumption)",0.74,0.995
5,8,"Lifelong immunity, calves only (paper assumption)",0.745,1
6.5,8,"Lifelong immunity, calves only (paper assumption)",0.665,0.99
8,8,"Lifelong immunity, calves only (paper assumption)",0.575,0.975
1.2,12,"Lifelong immunity, calves only (paper assumption)",0.965,1
1.35,12,"Lifelong immunity, calves only (paper assumption)",0.945,1
1.5,12,"Lifelong immunity, calves only (paper assumption)",0.89,1
1.75,12,"Lifelong immunity, calves only (paper assumption)",0.845,1
2,12,"Lifelong immunity, calves only (paper assumption)",0.91,1
2.5,12,"Lifelong immunity, calves only (paper assumption)",0.82,1
3,12,"Lifelong immunity, calves only (paper assumption)",0.73,1
4,12,"Lifelong immunity, calves only (paper assumption)",0.675,1
5,12,"Lifelong immunity, calves only (paper assumption)",0.635,1
6.5,12,"Lifelong immunity, calves only (paper assumption)",0.485,0.99
8,12,"Lifelong immunity, calves only (paper assumption)",0.38,0.94
1.2,20,"Lifelong immunity, calves only (paper assumption)",0.925,1
1.35,20,"Lifelong immunity, calves only (paper assumption)",0.86,1
1.5,20,"Lifelong immunity, calves only (paper assumption)",0.82,0.995
1.75,20,"Lifelong immunity, calves only (paper assumption)",0.82,1
2,20,"Lifelong immunity, calves only (paper assumption)",0.765,1
2.5,20,"Lifelong immunity, calves only (paper assumption)",0.61,1
3,20,"Lifelong immunity, calves only (paper assumption)",0.555,1
4,20,"Lifelong immunity, calves only (paper assumption)",0.505,0.995
5,20,"Lifelong immunity, calves only (paper assumption)",0.43,0.995
6.5,20,"Lifelong immunity, calves only (paper assumption)",0.35,0.975
8,20,"Lifelong immunity, calves only (paper assumption)",0.21,0.87
1.2,35,"Lifelong immunity, calves only (paper assumption)",0.9,1
1.35,35,"Lifelong immunity, calves only (paper assumption)",0.75,1
1.5,35,"Lifelong immunity, calves only (paper assumption)",0.715,1
1.75,35,"Lifelong immunity, calves only (paper assumption)",0.655,0.995
2,35,"Lifelong immunity, calves only (paper assumption)",0.575,0.99
2.5,35,"Lifelong immunity, calves only (paper assumption)",0.415,1
3,35,"Lifelong immunity, calves only (paper assumption)",0.39,1
4,35,"Lifelong immunity, calves only (paper assumption)",0.305,0.985
5,35,"Lifelong immunity, calves only (paper assumption)",0.22,0.98
6.5,35,"Lifelong immunity, calves only (paper assumption)",0.125,0.94
8,35,"Lifelong immunity, calves only (paper assumption)",0.07,0.875
1.2,50,"Lifelong immunity, calves only (paper assumption)",0.82,1
1.35,50,"Lifelong immunity, calves only (paper assumption)",0.7,1
1.5,50,"Lifelong immunity, calves only (paper assumption)",0.61,1
1.75,50,"Lifelong immunity, calves only (paper assumption)",0.47,1
2,50,"Lifelong immunity, calves only (paper assumption)",0.465,1
2.5,50,"Lifelong immunity, calves only (paper assumption)",0.325,0.995
3,50,"Lifelong immunity, calves only (paper assumption)",0.25,1
4,50,"Lifelong immunity, calves only (paper assumption)",0.16,0.965
5,50,"Lifelong immunity, calves only (paper assumption)",0.075,0.97
6.5,50,"Lifelong immunity, calves only (paper assumption)",0.03,0.885
8,50,"Lifelong immunity, calves only (paper assumption)",0.02,0.76
1.2,75,"Lifelong immunity, calves only (paper assumption)",0.65,1
1.35,75,"Lifelong immunity, calves only (paper assumption)",0.58,1
1.5,75,"Lifelong immunity, calves only (paper assumption)",0.48,1
1.75,75,"Lifelong immunity, calves only (paper assumption)",0.355,1
2,75,"Lifelong immunity, calves only (paper assumption)",0.3,0.995
2.5,75,"Lifelong immunity, calves only (paper assumption)",0.21,0.995
3,75,"Lifelong immunity, calves only (paper assumption)",0.16,0.995
4,75,"Lifelong immunity, calves only (paper assumption)",0.04,0.98
5,75,"Lifelong immunity, calves only (paper assumption)",0.015,0.93
6.5,75,"Lifelong immunity, calves only (paper assumption)",0,0.81
8,75,"Lifelong immunity, calves only (paper assumption)",0,0.51
1.2,100,"Lifelong immunity, calves only (paper assumption)",0.66,1
1.35,100,"Lifelong immunity, calves only (paper assumption)",0.435,1
1.5,100,"Lifelong immunity, calves only (paper assumption)",0.37,1
1.75,100,"Lifelong immunity, calves only (paper assumption)",0.275,0.99
2,100,"Lifelong immunity, calves only (paper assumption)",0.19,1
2.5,100,"Lifelong immunity, calves only (paper assumption)",0.095,0.995
3,100,"Lifelong immunity, calves only (paper assumption)",0.05,0.98
4,100,"Lifelong immunity, calves only (paper assumption)",0.015,0.94
5,100,"Lifelong immunity, calves only (paper assumption)",0.015,0.915
6.5,100,"Lifelong immunity, calves only (paper assumption)",0.005,0.69
8,100,"Lifelong immunity, calves only (paper assumption)",0.005,0.435
1.2,150,"Lifelong immunity, calves only (paper assumption)",0.47,1
1.35,150,"Lifelong immunity, calves only (paper assumption)",0.38,1
1.5,150,"Lifelong immunity, calves only (paper assumption)",0.23,1
1.75,150,"Lifelong immunity, calves only (paper assumption)",0.14,0.995
2,150,"Lifelong immunity, calves only (paper assumption)",0.04,0.995
2.5,150,"Lifelong immunity, calves only (paper assumption)",0.015,0.995
3,150,"Lifelong immunity, calves only (paper assumption)",0,0.99
4,150,"Lifelong immunity, calves only (paper assumption)",0.005,0.935
5,150,"Lifelong immunity, calves only (paper assumption)",0,0.85
6.5,150,"Lifelong immunity, calves only (paper assumption)",0,0.635
8,150,"Lifelong immunity, calves only (paper assumption)",0,0.29
1.2,200,"Lifelong immunity, calves only (paper assumption)",0.38,0.99
1.35,200,"Lifelong immunity, calves only (paper assumption)",0.18,1
1.5,200,"Lifelong immunity, calves only (paper assumption)",0.17,0.995
1.75,200,"Lifelong immunity, calves only (paper assumption)",0.06,1
2,200,"Lifelong immunity, calves only (paper assumption)",0.02,1
2.5,200,"Lifelong immunity, calves only (paper assumption)",0.01,0.985
3,200,"Lifelong immunity, calves only (paper assumption)",0,0.995
4,200,"Lifelong immunity, calves only (paper assumption)",0,0.875
5,200,"Lifelong immunity, calves only (paper assumption)",0,0.835
6.5,200,"Lifelong immunity, calves only (paper assumption)",0,0.565
8,200,"Lifelong immunity, calves only (paper assumption)",0,0.225
1.2,5,"18-month immunity, calves only",0.945,1
1.35,5,"18-month immunity, calves only",0.97,1
1.5,5,"18-month immunity, calves only",0.9,0.99
1.75,5,"18-month immunity, calves only",0.925,1
2,5,"18-month immunity, calves only",0.825,0.99
2.5,5,"18-month immunity, calves only",0.885,1
3,5,"18-month immunity, calves only",0.785,0.975
4,5,"18-month immunity, calves only",0.715,0.97
5,5,"18-month immunity, calves only",0.615,0.95
6.5,5,"18-month immunity, calves only",0.605,0.935
8,5,"18-month immunity, calves only",0.545,0.935
1.2,8,"18-month immunity, calves only",0.95,0.995
1.35,8,"18-month immunity, calves only",0.91,1
1.5,8,"18-month immunity, calves only",0.82,1
1.75,8,"18-month immunity, calves only",0.815,1
2,8,"18-month immunity, calves only",0.735,0.985
2.5,8,"18-month immunity, calves only",0.64,0.94
3,8,"18-month immunity, calves only",0.495,0.935
4,8,"18-month immunity, calves only",0.43,0.865
5,8,"18-month immunity, calves only",0.33,0.745
6.5,8,"18-month immunity, calves only",0.27,0.675
8,8,"18-month immunity, calves only",0.25,0.6
1.2,12,"18-month immunity, calves only",0.85,1
1.35,12,"18-month immunity, calves only",0.795,0.995
1.5,12,"18-month immunity, calves only",0.77,0.995
1.75,12,"18-month immunity, calves only",0.645,0.95
2,12,"18-month immunity, calves only",0.585,0.935
2.5,12,"18-month immunity, calves only",0.375,0.87
3,12,"18-month immunity, calves only",0.305,0.705
4,12,"18-month immunity, calves only",0.245,0.595
5,12,"18-month immunity, calves only",0.145,0.465
6.5,12,"18-month immunity, calves only",0.115,0.335
8,12,"18-month immunity, calves only",0.05,0.185
1.2,20,"18-month immunity, calves only",0.795,0.99
1.35,20,"18-month immunity, calves only",0.625,0.96
1.5,20,"18-month immunity, calves only",0.545,0.955
1.75,20,"18-month immunity, calves only",0.385,0.89
2,20,"18-month immunity, calves only",0.28,0.845
2.5,20,"18-month immunity, calves only",0.225,0.63
3,20,"18-month immunity, calves only",0.1,0.39
4,20,"18-month immunity, calves only",0.055,0.215
5,20,"18-month immunity, calves only",0.015,0.085
6.5,20,"18-month immunity, calves only",0.005,0.05
8,20,"18-month immunity, calves only",0.01,0.025
1.2,35,"18-month immunity, calves only",0.61,0.995
1.35,35,"18-month immunity, calves only",0.445,0.93
1.5,35,"18-month immunity, calves only",0.285,0.86
1.75,35,"18-month immunity, calves only",0.165,0.705
2,35,"18-month immunity, calves only",0.105,0.51
2.5,35,"18-month immunity, calves only",0.04,0.28
3,35,"18-month immunity, calves only",0.02,0.095
4,35,"18-month immunity, calves only",0.005,0.01
5,35,"18-month immunity, calves only",0,0
6.5,35,"18-month immunity, calves only",0,0
8,35,"18-month immunity, calves only",0,0
1.2,50,"18-month immunity, calves only",0.51,0.95
1.35,50,"18-month immunity, calves only",0.285,0.84
1.5,50,"18-month immunity, calves only",0.115,0.7
1.75,50,"18-month immunity, calves only",0.08,0.525
2,50,"18-month immunity, calves only",0.01,0.32
2.5,50,"18-month immunity, calves only",0.005,0.12
3,50,"18-month immunity, calves only",0,0.025
4,50,"18-month immunity, calves only",0,0
5,50,"18-month immunity, calves only",0,0
6.5,50,"18-month immunity, calves only",0,0
8,50,"18-month immunity, calves only",0,0
1.2,75,"18-month immunity, calves only",0.315,0.89
1.35,75,"18-month immunity, calves only",0.14,0.775
1.5,75,"18-month immunity, calves only",0.065,0.58
1.75,75,"18-month immunity, calves only",0.03,0.305
2,75,"18-month immunity, calves only",0,0.08
2.5,75,"18-month immunity, calves only",0,0.02
3,75,"18-month immunity, calves only",0,0
4,75,"18-month immunity, calves only",0,0
5,75,"18-month immunity, calves only",0,0
6.5,75,"18-month immunity, calves only",0,0
8,75,"18-month immunity, calves only",0,0
1.2,100,"18-month immunity, calves only",0.185,0.84
1.35,100,"18-month immunity, calves only",0.085,0.645
1.5,100,"18-month immunity, calves only",0.03,0.49
1.75,100,"18-month immunity, calves only",0.005,0.18
2,100,"18-month immunity, calves only",0,0.085
2.5,100,"18-month immunity, calves only",0,0
3,100,"18-month immunity, calves only",0,0
4,100,"18-month immunity, calves only",0,0
5,100,"18-month immunity, calves only",0,0
6.5,100,"18-month immunity, calves only",0,0
8,100,"18-month immunity, calves only",0,0
1.2,150,"18-month immunity, calves only",0.095,0.76
1.35,150,"18-month immunity, calves only",0.005,0.515
1.5,150,"18-month immunity, calves only",0,0.24
1.75,150,"18-month immunity, calves only",0,0.065
2,150,"18-month immunity, calves only",0,0.005
2.5,150,"18-month immunity, calves only",0,0
3,150,"18-month immunity, calves only",0,0
4,150,"18-month immunity, calves only",0,0
5,150,"18-month immunity, calves only",0,0
6.5,150,"18-month immunity, calves only",0,0
8,150,"18-month immunity, calves only",0,0
1.2,200,"18-month immunity, calves only",0.045,0.655
1.35,200,"18-month immunity, calves only",0.01,0.39
1.5,200,"18-month immunity, calves only",0,0.15
1.75,200,"18-month immunity, calves only",0,0.03
2,200,"18-month immunity, calves only",0,0
2.5,200,"18-month immunity, calves only",0,0
3,200,"18-month immunity, calves only",0,0
4,200,"18-month immunity, calves only",0,0
5,200,"18-month immunity, calves only",0,0
6.5,200,"18-month immunity, calves only",0,0
8,200,"18-month immunity, calves only",0,0
1.2,5,"18-month immunity, annual whole-herd booster",0.965,1
1.35,5,"18-month immunity, annual whole-herd booster",0.985,1
1.5,5,"18-month immunity, annual whole-herd booster",0.95,1
1.75,5,"18-month immunity, annual whole-herd booster",0.955,1
2,5,"18-month immunity, annual whole-herd booster",0.935,1
2.5,5,"18-month immunity, annual whole-herd booster",0.95,1
3,5,"18-month immunity, annual whole-herd booster",0.875,1
4,5,"18-month immunity, annual whole-herd booster",0.895,1
5,5,"18-month immunity, annual whole-herd booster",0.86,1
6.5,5,"18-month immunity, annual whole-herd booster",0.8,1
8,5,"18-month immunity, annual whole-herd booster",0.79,0.99
1.2,8,"18-month immunity, annual whole-herd booster",0.99,1
1.35,8,"18-month immunity, annual whole-herd booster",0.96,1
1.5,8,"18-month immunity, annual whole-herd booster",0.95,1
1.75,8,"18-month immunity, annual whole-herd booster",0.905,1
2,8,"18-month immunity, annual whole-herd booster",0.94,1
2.5,8,"18-month immunity, annual whole-herd booster",0.905,1
3,8,"18-month immunity, annual whole-herd booster",0.83,1
4,8,"18-month immunity, annual whole-herd booster",0.815,1
5,8,"18-month immunity, annual whole-herd booster",0.775,1
6.5,8,"18-month immunity, annual whole-herd booster",0.59,0.995
8,8,"18-month immunity, annual whole-herd booster",0.565,0.98
1.2,12,"18-month immunity, annual whole-herd booster",0.96,1
1.35,12,"18-month immunity, annual whole-herd booster",0.925,1
1.5,12,"18-month immunity, annual whole-herd booster",0.92,1
1.75,12,"18-month immunity, annual whole-herd booster",0.915,1
2,12,"18-month immunity, annual whole-herd booster",0.905,1
2.5,12,"18-month immunity, annual whole-herd booster",0.825,1
3,12,"18-month immunity, annual whole-herd booster",0.76,1
4,12,"18-month immunity, annual whole-herd booster",0.67,0.995
5,12,"18-month immunity, annual whole-herd booster",0.645,1
6.5,12,"18-month immunity, annual whole-herd booster",0.505,0.98
8,12,"18-month immunity, annual whole-herd booster",0.445,0.97
1.2,20,"18-month immunity, annual whole-herd booster",0.945,1
1.35,20,"18-month immunity, annual whole-herd booster",0.89,1
1.5,20,"18-month immunity, annual whole-herd booster",0.825,1
1.75,20,"18-month immunity, annual whole-herd booster",0.79,1
2,20,"18-month immunity, annual whole-herd booster",0.745,0.995
2.5,20,"18-month immunity, annual whole-herd booster",0.705,0.995
3,20,"18-month immunity, annual whole-herd booster",0.625,1
4,20,"18-month immunity, annual whole-herd booster",0.515,1
5,20,"18-month immunity, annual whole-herd booster",0.42,0.99
6.5,20,"18-month immunity, annual whole-herd booster",0.29,0.965
8,20,"18-month immunity, annual whole-herd booster",0.17,0.9
1.2,35,"18-month immunity, annual whole-herd booster",0.905,1
1.35,35,"18-month immunity, annual whole-herd booster",0.815,1
1.5,35,"18-month immunity, annual whole-herd booster",0.725,1
1.75,35,"18-month immunity, annual whole-herd booster",0.735,1
2,35,"18-month immunity, annual whole-herd booster",0.6,0.995
2.5,35,"18-month immunity, annual whole-herd booster",0.485,1
3,35,"18-month immunity, annual whole-herd booster",0.36,0.995
4,35,"18-month immunity, annual whole-herd booster",0.31,1
5,35,"18-month immunity, annual whole-herd booster",0.205,0.975
6.5,35,"18-month immunity, annual whole-herd booster",0.08,0.93
8,35,"18-month immunity, annual whole-herd booster",0.045,0.735
1.2,50,"18-month immunity, annual whole-herd booster",0.87,1
1.35,50,"18-month immunity, annual whole-herd booster",0.75,1
1.5,50,"18-month immunity, annual whole-herd booster",0.685,1
1.75,50,"18-month immunity, annual whole-herd booster",0.625,1
2,50,"18-month immunity, annual whole-herd booster",0.48,0.995
2.5,50,"18-month immunity, annual whole-herd booster",0.42,1
3,50,"18-month immunity, annual whole-herd booster",0.295,0.995
4,50,"18-month immunity, annual whole-herd booster",0.145,0.97
5,50,"18-month immunity, annual whole-herd booster",0.085,0.98
6.5,50,"18-month immunity, annual whole-herd booster",0.01,0.87
8,50,"18-month immunity, annual whole-herd booster",0.02,0.69
1.2,75,"18-month immunity, annual whole-herd booster",0.73,1
1.35,75,"18-month immunity, annual whole-herd booster",0.66,1
1.5,75,"18-month immunity, annual whole-herd booster",0.57,0.995
1.75,75,"18-month immunity, annual whole-herd booster",0.465,1
2,75,"18-month immunity, annual whole-herd booster",0.385,1
2.5,75,"18-month immunity, annual whole-herd booster",0.275,0.99
3,75,"18-month immunity, annual whole-herd booster",0.095,0.985
4,75,"18-month immunity, annual whole-herd booster",0.05,0.975
5,75,"18-month immunity, annual whole-herd booster",0.025,0.9
6.5,75,"18-month immunity, annual whole-herd booster",0.005,0.79
8,75,"18-month immunity, annual whole-herd booster",0,0.45
1.2,100,"18-month immunity, annual whole-herd booster",0.72,1
1.35,100,"18-month immunity, annual whole-herd booster",0.56,1
1.5,100,"18-month immunity, annual whole-herd booster",0.565,1
1.75,100,"18-month immunity, annual whole-herd booster",0.395,0.995
2,100,"18-month immunity, annual whole-herd booster",0.16,1
2.5,100,"18-month immunity, annual whole-herd booster",0.145,1
3,100,"18-month immunity, annual whole-herd booster",0.105,0.99
4,100,"18-month immunity, annual whole-herd booster",0.035,0.95
5,100,"18-month immunity, annual whole-herd booster",0.01,0.92
6.5,100,"18-month immunity, annual whole-herd booster",0,0.68
8,100,"18-month immunity, annual whole-herd booster",0,0.375
1.2,150,"18-month immunity, annual whole-herd booster",0.675,1
1.35,150,"18-month immunity, annual whole-herd booster",0.425,1
1.5,150,"18-month immunity, annual whole-herd booster",0.325,1
1.75,150,"18-month immunity, annual whole-herd booster",0.185,1
2,150,"18-month immunity, annual whole-herd booster",0.14,1
2.5,150,"18-month immunity, annual whole-herd booster",0.05,0.995
3,150,"18-month immunity, annual whole-herd booster",0.05,0.97
4,150,"18-month immunity, annual whole-herd booster",0.005,0.94
5,150,"18-month immunity, annual whole-herd booster",0,0.87
6.5,150,"18-month immunity, annual whole-herd booster",0,0.58
8,150,"18-month immunity, annual whole-herd booster",0,0.25
1.2,200,"18-month immunity, annual whole-herd booster",0.555,1
1.35,200,"18-month immunity, annual whole-herd booster",0.31,1
1.5,200,"18-month immunity, annual whole-herd booster",0.27,1
1.75,200,"18-month immunity, annual whole-herd booster",0.15,1
2,200,"18-month immunity, annual whole-herd booster",0.045,0.995
2.5,200,"18-month immunity, annual whole-herd booster",0.03,0.97
3,200,"18-month immunity, annual whole-herd booster",0.015,0.965
4,200,"18-month immunity, annual whole-herd booster",0,0.915
5,200,"18-month immunity, annual whole-herd booster",0,0.795
6.5,200,"18-month immunity, annual whole-herd booster",0,0.465
8,200,"18-month immunity, annual whole-herd booster",0,0.145
