"R0","N","schedule","p_free_20","p_free_50","se_free_20","se_free_50","p_extinct","se_mp20","se_mp50","mp20","mp50","reps"
1.2,5,"18-month immunity, annual whole-herd booster",0.9835,1,0.00284848644019942,0,0.1115,0.00166649094941996,0.000725345100126711,0.0595939618714695,0.0248239630635372,2000
1.2,5,"18-month immunity, calves only",0.9625,0.9995,0.00424816136699161,0.000499874984371065,0.113,0.00231524736806311,0.00111844147729335,0.0825355136117838,0.0350981782568735,2000
1.2,5,"18-month immunity, six-monthly whole-herd booster",0.985,1,0.00271799558498538,0,0.126,0.001569121154397,0.000677129408643847,0.0563068764376699,0.0233305895864623,2000
1.2,5,"Lifelong immunity, calves only (paper assumption)",0.9785,1,0.00324328151722911,0,0.1035,0.00194511501394031,0.000803190789089081,0.0708382354162163,0.0286406763369518,2000
1.2,5,"No vaccination (status quo)",0.929,0.996,0.0057427780733718,0.00141138230115019,0.112,0.00310639482062482,0.00173806406440642,0.103425232805356,0.046971690503646,2000
1.2,10,"18-month immunity, annual whole-herd booster",0.963,1,0.00422084114839685,0,5e-04,0.00112024951085046,0.000471136275866196,0.0615155535954134,0.0249758820041737,2000
1.2,10,"18-month immunity, calves only",0.888,0.997,0.00705180827873248,0.00122290637417588,0.0025,0.00184669276783213,0.000992266437889236,0.0914002895728702,0.0408403755584128,2000
1.2,10,"18-month immunity, six-monthly whole-herd booster",0.962,1,0.00427527776875375,0,0,0.00106542633180908,0.000468650365012832,0.059186347265714,0.0243226999530317,2000
1.2,10,"Lifelong immunity, calves only (paper assumption)",0.9525,1,0.00475624589355933,0,0.003,0.00135148167444205,0.000574694800048609,0.070926980959608,0.0289114140744362,2000
1.2,10,"No vaccination (status quo)",0.7745,0.9795,0.00934477795348825,0.00316857617866448,0.0025,0.00271183981288406,0.00181882859462993,0.126413263594176,0.0660771899147381,2000
1.2,20,"18-month immunity, annual whole-herd booster",0.9475,1,0.00498717104178311,0,0,0.000697806136988143,0.000293908521741869,0.0478624913809783,0.0194391211822525,2000
1.2,20,"18-month immunity, calves only",0.784,0.989,0.00920173896608679,0.00233227356885937,0,0.00144124553032294,0.000829729167113792,0.0803004835514453,0.0374900629450094,2000
1.2,20,"18-month immunity, six-monthly whole-herd booster",0.9615,1,0.00430219420761081,0,0,0.000673789838033334,0.000281270123711719,0.0457342037691751,0.0185183825790459,2000
1.2,20,"Lifelong immunity, calves only (paper assumption)",0.923,1,0.00596116599332714,0,0,0.000898308118461836,0.000382772165044153,0.0588844575918844,0.024039014840381,2000
1.2,20,"No vaccination (status quo)",0.616,0.8995,0.0108752930994985,0.00672308522926789,0,0.0021748493554605,0.00182150659301877,0.119859051819441,0.074537717386338,2000
1.2,50,"18-month immunity, annual whole-herd booster",0.872,1,0.0074704752191544,0,0,0.000452006087790896,0.000191115562871271,0.0501321820897389,0.0203790056354287,2000
1.2,50,"18-month immunity, calves only",0.486,0.9455,0.0111759563349183,0.00507591124823908,0,0.000994975040200379,0.000657530624740046,0.0896350093917198,0.0446886293490783,2000
1.2,50,"18-month immunity, six-monthly whole-herd booster",0.859,0.9995,0.0077819984579798,0.000499874984371065,0,0.000437126924878069,0.000186378404440242,0.0482953574109043,0.0196387568061325,2000
1.2,50,"Lifelong immunity, calves only (paper assumption)",0.817,1,0.00864612630025724,0,0,0.000562037197371182,0.000239287425364996,0.0612390995135385,0.0249791126312672,2000
1.2,50,"No vaccination (status quo)",0.226,0.564,0.00935211206091971,0.0110883722881224,0,0.00162290592605279,0.00172449264146464,0.146019020425168,0.114365221967863,2000
1.2,100,"18-month immunity, annual whole-herd booster",0.722,0.9995,0.0100178840081127,0.000499874984371065,0,0.000326429561327432,0.000140202891918317,0.05374540218883,0.0218901458293574,2000
1.2,100,"18-month immunity, calves only",0.218,0.851,0.00923244279700665,0.00796238029737339,0,0.000725955119060021,0.000534445817167448,0.0962444776329738,0.0497402360471763,2000
1.2,100,"18-month immunity, six-monthly whole-herd booster",0.75,1,0.00968245836551854,0,0,0.000318029736231587,0.000135553269857758,0.050943050484644,0.0207139132743794,2000
1.2,100,"Lifelong immunity, calves only (paper assumption)",0.582,0.999,0.0110289618731774,0.000706753139363385,0,0.000428190744351047,0.000182670512705467,0.0666020284416835,0.0272824455237696,2000
1.2,100,"No vaccination (status quo)",0.0335,0.187,0.00402354010791492,0.00871868682772813,0,0.00117105558547128,0.00130678198588579,0.160809008391001,0.143229302465951,2000
1.2,200,"18-month immunity, annual whole-herd booster",0.527,0.999,0.0111640270512033,0.000706753139363385,0,0.000234336083840084,9.99613112565796e-05,0.0524485853453625,0.0213719461027648,2000
1.2,200,"18-month immunity, calves only",0.051,0.6725,0.00491929873051027,0.0104938970358966,0,0.000516034770479113,0.000397803578956342,0.0934252742731251,0.0499375163512879,2000
1.2,200,"18-month immunity, six-monthly whole-herd booster",0.5455,0.9995,0.0111339514548969,0.000499874984371065,0,0.000217954740845664,9.22333364144594e-05,0.0494584462740623,0.0201231298334827,2000
1.2,200,"Lifelong immunity, calves only (paper assumption)",0.3835,0.9985,0.0108726204293169,0.000865375640979091,0,0.000298207557896896,0.000127541497542837,0.0643224262879718,0.0263073239680502,2000
1.2,200,"No vaccination (status quo)",0.0015,0.027,0.000865375640979107,0.00362429303451032,0,0.000808336142945826,0.00090987852202159,0.161734418397349,0.154676842856458,2000
1.5,5,"18-month immunity, annual whole-herd booster",0.9735,1,0.00359150038284837,0,0.0925,0.00217269301883648,0.000930610182824253,0.123159081749829,0.0499362383317993,2000
1.5,5,"18-month immunity, calves only",0.922,0.9985,0.00599649897857074,0.000865375640979091,0.116,0.00310752187023989,0.00160045122492107,0.157500786056948,0.0683761207526629,2000
1.5,5,"18-month immunity, six-monthly whole-herd booster",0.9715,1,0.0037207358143249,0,0.0865,0.00212345639826535,0.00090819906151242,0.11856648606002,0.0481720309206512,2000
1.5,5,"Lifelong immunity, calves only (paper assumption)",0.9625,1,0.00424816136699161,0,0.1095,0.00239793723258299,0.00102581113436516,0.133107629528,0.0544006079062718,2000
1.5,5,"No vaccination (status quo)",0.8395,0.9885,0.00820791538699078,0.00238408787589719,0.1105,0.00422424903712528,0.00266778236826993,0.215353119631172,0.106535029210123,2000
1.5,10,"18-month immunity, annual whole-herd booster",0.937,1,0.00543281694887652,0,0.002,0.00136895723986279,0.00058994185606413,0.0972365543597492,0.0396641073931446,2000
1.5,10,"18-month immunity, calves only",0.7995,0.987,0.00895264625683379,0.00253288373203351,0.002,0.00237335561076863,0.00137870681402828,0.150028340019545,0.0693082784353374,2000
1.5,10,"18-month immunity, six-monthly whole-herd booster",0.9515,1,0.00480352734977121,0,0.001,0.00132556015635834,0.000564562589223117,0.0930138570377826,0.0378291307483688,2000
1.5,10,"Lifelong immunity, calves only (paper assumption)",0.925,1,0.00588960949469487,0,0.002,0.00161618789340718,0.000682367023279882,0.112518095549977,0.0457718563784724,2000
1.5,10,"No vaccination (status quo)",0.606,0.9105,0.0109262070271435,0.00638317123379908,5e-04,0.0034045622466968,0.00278760599819156,0.22906769382609,0.135619403478951,2000
1.5,20,"18-month immunity, annual whole-herd booster",0.8735,1,0.0074329586975847,0,0,0.00102278877735594,0.000436663427148533,0.111268866471238,0.0452537350843678,2000
1.5,20,"18-month immunity, calves only",0.5485,0.946,0.0111276176695643,0.00505390937789747,0,0.00188323331091118,0.00131312723226336,0.180095280082389,0.0902177147014936,2000
1.5,20,"18-month immunity, six-monthly whole-herd booster",0.877,1,0.00734407924793844,0,0,0.000997515473669983,0.00042798000004818,0.105962038280306,0.0431711241203494,2000
1.5,20,"Lifelong immunity, calves only (paper assumption)",0.8125,1,0.00872765002735559,0,0,0.00118774317775622,0.000516285461677207,0.129659277325287,0.0531283742215774,2000
1.5,20,"No vaccination (status quo)",0.2445,0.5965,0.00961040451802108,0.0109701355962449,0,0.00260449527650161,0.00282323269205993,0.28619472574105,0.21643343277806,2000
1.5,50,"18-month immunity, annual whole-herd booster",0.684,1,0.0103957683698705,0,0,0.000670000099408038,0.000287839272144895,0.111109028006269,0.045345234842299,2000
1.5,50,"18-month immunity, calves only",0.172,0.76,0.0084384832760396,0.00954986910905066,0,0.00122967239890638,0.0010779320304655,0.191024625772774,0.107437532266123,2000
1.5,50,"18-month immunity, six-monthly whole-herd booster",0.699,0.9995,0.0102566807496383,0.000499874984371065,0,0.000615833377776879,0.000264804815554768,0.103229325934226,0.0421370992439321,2000
1.5,50,"Lifelong immunity, calves only (paper assumption)",0.6305,0.9985,0.0107928158976238,0.000865375640979091,0,0.000763850627970095,0.000332743421322579,0.127471415285874,0.0522024416845185,2000
1.5,50,"No vaccination (status quo)",0.0135,0.0995,0.00258047960658479,0.00669327087454258,0,0.00158885461756085,0.00174705597205626,0.315216103063642,0.291196522025208,2000
1.5,100,"18-month immunity, annual whole-herd booster",0.4795,0.999,0.0111709388593797,0.000706753139363385,0,0.000456876813023865,0.000196862723845854,0.108053001228541,0.0441156958168695,2000
1.5,100,"18-month immunity, calves only",0.0275,0.468,0.00365675744341896,0.0111574190563947,0,0.000898325071305675,0.000843335592280325,0.193440649858465,0.116968915395163,2000
1.5,100,"18-month immunity, six-monthly whole-herd booster",0.5115,0.999,0.0111773822964055,0.000706753139363385,0,0.000451217515946482,0.000193270821460463,0.102192033921876,0.0416766227163833,2000
1.5,100,"Lifelong immunity, calves only (paper assumption)",0.3745,0.999,0.0108224246359122,0.000706753139363385,0,0.000548338462259122,0.000238276362578592,0.128797954929381,0.0528729978181216,2000
1.5,100,"No vaccination (status quo)",0,0.0045,0,0.00149662119455793,0,0.00111304045152102,0.00101699676779494,0.321421485276964,0.313829368425797,2000
1.5,200,"18-month immunity, annual whole-herd booster",0.234,0.9975,0.00946688966873492,0.00111663557170635,0,0.000318515086139599,0.000137174696871563,0.109271200385892,0.0445830619857183,2000
1.5,200,"18-month immunity, calves only",5e-04,0.1705,0.000499874984371093,0.00840921369689224,0,0.000634217128192128,0.000625551569860049,0.197791612749638,0.12412298255275,2000
1.5,200,"18-month immunity, six-monthly whole-herd booster",0.2605,1,0.00981426894883159,0,0,0.000314719815332516,0.00013537001530134,0.103511326495686,0.0422406470021349,2000
1.5,200,"Lifelong immunity, calves only (paper assumption)",0.134,0.9975,0.00761721733968514,0.00111663557170635,0,0.000382450640516297,0.000165645478781298,0.129052468494732,0.0529346869121569,2000
1.5,200,"No vaccination (status quo)",0,0,0,0,0,0.0007508224397993,0.000649149116121221,0.327438058240227,0.324730459426194,2000
2,5,"18-month immunity, annual whole-herd booster",0.9425,0.9995,0.00520546587732549,0.000499874984371065,0.114,0.00256185190116324,0.00111736268236955,0.180291002946241,0.0736062129097206,2000
2,5,"18-month immunity, calves only",0.8505,0.9955,0.00797338541649656,0.00149662119455792,0.1155,0.00357111099386071,0.00202678569228874,0.246269734324137,0.109869026880521,2000
2,5,"18-month immunity, six-monthly whole-herd booster",0.9375,0.9995,0.00541265877365274,0.000499874984371065,0.108,0.00254802127561977,0.00109741205913799,0.179951161380288,0.0742943197348704,2000
2,5,"Lifelong immunity, calves only (paper assumption)",0.937,0.9995,0.00543281694887652,0.000499874984371065,0.112,0.00260308670365635,0.00114064311751372,0.194014297528416,0.0785264882885932,2000
2,5,"No vaccination (status quo)",0.708,0.9625,0.010167005458836,0.00424816136699161,0.099,0.00481760433895935,0.00370746424038609,0.341567193974299,0.183907882346846,2000
2,10,"18-month immunity, annual whole-herd booster",0.888,0.9995,0.00705180827873248,0.000499874984371065,0.001,0.00173416937861186,0.000757191373513469,0.165079085435303,0.0675280800943253,2000
2,10,"18-month immunity, calves only",0.6305,0.951,0.0107928158976238,0.00482695556225661,5e-04,0.00277615487868772,0.00200736686740558,0.25449483275046,0.128069250834098,2000
2,10,"18-month immunity, six-monthly whole-herd booster",0.902,1,0.00664815763952691,0,0.0015,0.0016278241460256,0.000710714870114271,0.15542709341693,0.0636241911747016,2000
2,10,"Lifelong immunity, calves only (paper assumption)",0.865,0.9995,0.00764117137617002,0.000499874984371065,0.002,0.00187229405280939,0.00083082043993653,0.185916853651297,0.0763446081222436,2000
2,10,"No vaccination (status quo)",0.353,0.7065,0.0106862294566419,0.0101822824062191,0.002,0.0036781433813495,0.00394422709126477,0.39613978841909,0.281619912151876,2000
2,20,"18-month immunity, annual whole-herd booster",0.768,0.9995,0.00943864397040168,0.000499874984371065,0,0.00127098251701842,0.000558645746121146,0.168436009857839,0.0690476203220416,2000
2,20,"18-month immunity, calves only",0.308,0.7975,0.0103231778053078,0.00898592649647214,0,0.00205041906021161,0.00199849941191955,0.281476973159024,0.166887504789693,2000
2,20,"18-month immunity, six-monthly whole-herd booster",0.788,0.9995,0.00913936540466569,0.000499874984371065,0,0.0012222986365319,0.000536809734784371,0.161427043452768,0.066042659959158,2000
2,20,"Lifelong immunity, calves only (paper assumption)",0.726,0.9995,0.00997306372184596,0.000499874984371065,0,0.00134980375111035,0.000600578219476277,0.188742025731938,0.0778542226328911,2000
2,20,"No vaccination (status quo)",0.066,0.1985,0.00555175647880921,0.00891901760285291,0,0.00239037180424997,0.00283281015826327,0.456023041631159,0.414792701159107,2000
2,50,"18-month immunity, annual whole-herd booster",0.513,0.999,0.0111765602937576,0.000706753139363385,0,0.000799443823844538,0.00035335617741378,0.170522929942187,0.070008096249289,2000
2,50,"18-month immunity, calves only",0.0325,0.321,0.00396508196636589,0.0104393246908026,0,0.00131175230162622,0.00149851229818601,0.30152378519798,0.215412242551422,2000
2,50,"18-month immunity, six-monthly whole-herd booster",0.537,0.997,0.011149686094236,0.00122290637417588,0,0.000775785404034005,0.000343244013887884,0.162793869048597,0.0668509595822394,2000
2,50,"Lifelong immunity, calves only (paper assumption)",0.453,0.998,0.0111308355481518,0.000998999499499375,0,0.000864710127314715,0.00038723983596879,0.191211898595977,0.0788718923872914,2000
2,50,"No vaccination (status quo)",0,0.002,0,0.000998999499499374,0,0.00121366238952927,0.000978777025609705,0.484430555390163,0.478321985927428,2000
2,100,"18-month immunity, annual whole-herd booster",0.253,0.999,0.00972087958983136,0.000706753139363385,0,0.000581906051701547,0.000261448210249244,0.171461921890062,0.0705358341772997,2000
2,100,"18-month immunity, calves only",0.001,0.0615,0.000706753139363385,0.00537204569973116,0,0.000940323389240617,0.00101465898957908,0.308638298833055,0.236287508526139,2000
2,100,"18-month immunity, six-monthly whole-herd booster",0.271,0.998,0.00993878765242522,0.000998999499499375,0,0.000558404723863809,0.000249572736359849,0.162943602458225,0.0669815584208756,2000
2,100,"Lifelong immunity, calves only (paper assumption)",0.1805,0.9965,0.00859999273255507,0.00132055859392909,0,0.000604632374540349,0.000270823591847531,0.193088227272157,0.0797781531816304,2000
2,100,"No vaccination (status quo)",0,0,0,0,0,0.000817578664219336,0.000598102006427076,0.492341582670571,0.490697139154778,2000
2,200,"18-month immunity, annual whole-herd booster",0.0745,0.992,0.00587153089066216,0.0019919839356782,0,0.000420081876240743,0.00018664377053949,0.171624491729628,0.070547587864611,2000
2,200,"18-month immunity, calves only",0,0.0015,0,0.000865375640979107,0,0.000631859483302264,0.000637048302304811,0.312447560671576,0.247369168345963,2000
2,200,"18-month immunity, six-monthly whole-herd booster",0.073,0.9975,0.00581682903307292,0.00111663557170635,0,0.000385859689916633,0.000170558246600711,0.163147921033378,0.0670327164295241,2000
2,200,"Lifelong immunity, calves only (paper assumption)",0.028,0.9945,0.00368890227574546,0.00165374574829385,0,0.000424185820622504,0.000189162680151562,0.192591654697273,0.0793860242453365,2000
2,200,"No vaccination (status quo)",0,0,0,0,0,0.000557803072211642,0.000405551270387731,0.49683698363421,0.495684468546725,2000
3,5,"18-month immunity, annual whole-herd booster",0.912,1,0.00633466652634533,0,0.1055,0.00296471346229275,0.00133884212381213,0.217377986139498,0.0901701103071352,2000
3,5,"18-month immunity, calves only",0.7735,0.9805,0.00935942706579842,0.00309190475273738,0.111,0.0042472519980076,0.00292320262121846,0.310382828694061,0.15301679102264,2000
3,5,"18-month immunity, six-monthly whole-herd booster",0.923,1,0.00596116599332714,0,0.107,0.00298596247130705,0.00135048055735551,0.212583631338565,0.0880199840849466,2000
3,5,"Lifelong immunity, calves only (paper assumption)",0.9195,1,0.0060835741961449,0,0.1035,0.00301199366701937,0.00133195619191791,0.22855250845317,0.0928329063317072,2000
3,5,"No vaccination (status quo)",0.536,0.861,0.0111513227914898,0.00773559952427735,0.1105,0.00541235590245749,0.00541693608004707,0.478539842186273,0.317254212521349,2000
3,10,"18-month immunity, annual whole-herd booster",0.806,1,0.00884205858383668,0,0.0025,0.0020775094339146,0.000955484268567982,0.244391560802117,0.101178427751087,2000
3,10,"18-month immunity, calves only",0.4365,0.8475,0.0110898095114389,0.00803877322730278,0.001,0.00311226457461278,0.00306020710373093,0.377532216933569,0.225283438864496,2000
3,10,"18-month immunity, six-monthly whole-herd booster",0.8145,0.9985,0.00869165548097714,0.000865375640979091,0.0015,0.00206666181581354,0.000937670830621146,0.235643128445152,0.097324358119435,2000
3,10,"Lifelong immunity, calves only (paper assumption)",0.7815,0.9995,0.00924006899324891,0.000499874984371065,0.0025,0.00207800544346161,0.000976305934030698,0.258455018656711,0.107348911639004,2000
3,10,"No vaccination (status quo)",0.125,0.3425,0.00739509972887452,0.0106111674664007,0.001,0.00309642169128355,0.00415326657233253,0.595414727652628,0.51941312637244,2000
3,20,"18-month immunity, annual whole-herd booster",0.6255,0.9985,0.0108224246359122,0.000865375640979091,0,0.00152459687981346,0.000707788926928446,0.243301842066751,0.101218798713201,2000
3,20,"18-month immunity, calves only",0.1235,0.433,0.00735689302627135,0.0110795081118252,0,0.00206854482274783,0.00265733506264063,0.414103392717652,0.312620782727033,2000
3,20,"18-month immunity, six-monthly whole-herd booster",0.644,0.9985,0.0107066334578148,0.000865375640979091,0,0.00149248019042294,0.000690101560663968,0.23197831623483,0.0963639326702198,2000
3,20,"Lifelong immunity, calves only (paper assumption)",0.586,0.9945,0.0110137187180352,0.00165374574829385,0,0.0015349188656812,0.000724551479668172,0.254647279320553,0.106369736676423,2000
3,20,"No vaccination (status quo)",0.006,0.0205,0.0017268468374468,0.00316857617866448,0,0.00142852547372591,0.00143458522213256,0.63949107203635,0.631231512288365,2000
3,50,"18-month immunity, annual whole-herd booster",0.2975,0.9935,0.0102223713002414,0.00179690706493129,0,0.000934688794828363,0.000453485213409888,0.246081670570565,0.102957416054775,2000
3,50,"18-month immunity, calves only",0.0025,0.0255,0.00111663557170636,0.00352489361541593,0,0.00114251945409555,0.00115418110431437,0.439868976447716,0.391173195529853,2000
3,50,"18-month immunity, six-monthly whole-herd booster",0.309,0.992,0.0103324488868806,0.0019919839356782,0,0.000964742270929946,0.000461333770449697,0.237858280087166,0.099323164267824,2000
3,50,"Lifelong immunity, calves only (paper assumption)",0.2505,0.9925,0.00968890473686268,0.00192921616207204,0,0.000963073773070166,0.000458951832699372,0.262946196995254,0.109822402017997,2000
3,50,"No vaccination (status quo)",0,0,0,0,0,0.000747984331299889,0.000520966148484398,0.658035671334389,0.656863784316653,2000
3,100,"18-month immunity, annual whole-herd booster",0.0685,0.988,0.00564835152942874,0.00243474844696531,0,0.00067584620230105,0.00032649690057127,0.250893565118658,0.105248591787645,2000
3,100,"18-month immunity, calves only",0,0,0,0,0,0.000767299502614664,0.000619735934240063,0.447819179049383,0.405128663263607,2000
3,100,"18-month immunity, six-monthly whole-herd booster",0.095,0.9875,0.0065564853389602,0.00248432586429397,0,0.000668777366704721,0.000316395549393202,0.240455844872331,0.100392127686966,2000
3,100,"Lifelong immunity, calves only (paper assumption)",0.05,0.9865,0.00487339717240448,0.00258047960658479,0,0.00067241791941635,0.000321992283318645,0.264502694575238,0.110820567118335,2000
3,100,"No vaccination (status quo)",0,0,0,0,0,0.000517191625339812,0.000364870781469972,0.662146429749549,0.662005998766077,2000
3,200,"18-month immunity, annual whole-herd booster",0.0055,0.977,0.00165374574829385,0.00335193973692846,0,0.000483520285988568,0.000233489190908361,0.2491284531523,0.104309612073201,2000
3,200,"18-month immunity, calves only",0,0,0,0,0,0.000513886962609361,0.000413198602061048,0.45090156875888,0.411022385976856,2000
3,200,"18-month immunity, six-monthly whole-herd booster",0.008,0.9765,0.0019919839356782,0.0033873108803297,0,0.000473578245178014,0.000223556040881267,0.240056970612636,0.10015949777673,2000
3,200,"Lifelong immunity, calves only (paper assumption)",0.005,0.963,0.00157718102955875,0.00422084114839685,0,0.00048065880190638,0.000233053796601691,0.265348941632797,0.111234661455009,2000
3,200,"No vaccination (status quo)",0,0,0,0,0,0.000356312208431065,0.000234645887300924,0.664780496011192,0.664201250873977,2000
5,5,"18-month immunity, annual whole-herd booster",0.8585,0.9995,0.00779351493230108,0.000499874984371065,0.1175,0.00345965799657741,0.00161875467853763,0.308674184300654,0.128899928536748,2000
5,5,"18-month immunity, calves only",0.634,0.9515,0.0107713508902087,0.00480352734977121,0.1105,0.00465139244486156,0.00391184257735731,0.428324206063026,0.23490473014604,2000
5,5,"18-month immunity, six-monthly whole-herd booster",0.848,0.999,0.00802795117075335,0.000706753139363385,0.0965,0.00345517922488974,0.00165150138076407,0.30403463069289,0.127017260986428,2000
5,5,"Lifelong immunity, calves only (paper assumption)",0.8535,0.9995,0.0079068878201224,0.000499874984371065,0.13,0.00354491632638006,0.00170119099570611,0.313436627203586,0.131453347876627,2000
5,5,"No vaccination (status quo)",0.3475,0.6825,0.0106476229741666,0.010408980497628,0.1065,0.00490209941534223,0.00632615651264286,0.67033043862551,0.530654010967577,2000
5,10,"18-month immunity, annual whole-herd booster",0.654,0.9955,0.0106368228339105,0.00149662119455792,0.0015,0.00245826119471857,0.00127321242897744,0.327622539280629,0.140994987097502,2000
5,10,"18-month immunity, calves only",0.2425,0.6075,0.00958367753005077,0.0109188770026958,0.002,0.0029799503211638,0.00394339521367906,0.513330564328788,0.372284491058563,2000
5,10,"18-month immunity, six-monthly whole-herd booster",0.704,0.9955,0.0102074482609514,0.00149662119455792,0.002,0.00244535712749464,0.0012334652275395,0.314239207522174,0.133945861788035,2000
5,10,"Lifelong immunity, calves only (paper assumption)",0.6605,0.9945,0.0105886672910239,0.00165374574829385,5e-04,0.00242017981951241,0.00122814540749128,0.330557383618986,0.14116400190599,2000
5,10,"No vaccination (status quo)",0.0335,0.102,0.00402354010791492,0.00676742196113114,0.0025,0.00199894067981909,0.00290495651827083,0.764196512527028,0.73671179082071,2000
5,20,"18-month immunity, annual whole-herd booster",0.39,0.9925,0.0109064201276129,0.00192921616207204,0,0.00173645134941395,0.000948495473790724,0.341012345624449,0.147918305283086,2000
5,20,"18-month immunity, calves only",0.028,0.109,0.00368890227574546,0.00696846468025777,0,0.00163818798771683,0.00214132914269767,0.558678348822761,0.507963153424045,2000
5,20,"18-month immunity, six-monthly whole-herd booster",0.4405,0.988,0.0111008952341692,0.00243474844696531,0,0.00174779292983656,0.000947683141290334,0.330206067797778,0.142654444346996,2000
5,20,"Lifelong immunity, calves only (paper assumption)",0.4075,0.992,0.0109873506815792,0.0019919839356782,0,0.00171561495960837,0.00092582742751229,0.345387936242165,0.148643398408929,2000
5,20,"No vaccination (status quo)",5e-04,0.001,0.000499874984371093,0.000706753139363385,0,0.000743739057338236,0.000600432178046791,0.78777963924009,0.786006848652441,2000
5,50,"18-month immunity, annual whole-herd booster",0.0835,0.958,0.00618578006398546,0.00448530935387962,0,0.00110581378140517,0.000637063648800674,0.347175380188688,0.152404734658054,2000
5,50,"18-month immunity, calves only",0,5e-04,0,0.000499874984371093,0,0.000804120686451359,0.000576468783170331,0.578709285920434,0.551197580572254,2000
5,50,"18-month immunity, six-monthly whole-herd booster",0.1005,0.9575,0.00672308522926788,0.00451075104611194,0,0.00113141416556737,0.000641203962216629,0.337522738297402,0.147758509630585,2000
5,50,"Lifelong immunity, calves only (paper assumption)",0.0895,0.956,0.00638317123379907,0.00458606585212206,0,0.00110885998909563,0.000647457225138466,0.353268543936381,0.15520322768028,2000
5,50,"No vaccination (status quo)",0,0,0,0,0,0.000422811349513341,0.000274493609095513,0.794868926280514,0.795211250885103,2000
5,100,"18-month immunity, annual whole-herd booster",0.007,0.903,0.00186426929385215,0.00661781686056663,0,0.000797208931968872,0.000466631875415525,0.349992535030221,0.154943046703665,2000
5,100,"18-month immunity, calves only",0,0,0,0,0,0.000536989406328946,0.000376968923103405,0.583188440844005,0.556540659067555,2000
5,100,"18-month immunity, six-monthly whole-herd booster",0.008,0.902,0.0019919839356782,0.00664815763952691,0,0.000795663548299442,0.00046245538714742,0.341719790647905,0.150460496151492,2000
5,100,"Lifelong immunity, calves only (paper assumption)",0.0065,0.913,0.00179690706493129,0.0063020234845643,0,0.00077606098076308,0.000448453163744797,0.354971343876535,0.155982064579833,2000
5,100,"No vaccination (status quo)",0,0,0,0,0,0.000294378151316652,0.000190956575742053,0.797257967401199,0.797426421309144,2000
5,200,"18-month immunity, annual whole-herd booster",0,0.8035,0,0.0088850365784278,0,0.000553956980673256,0.000332632446379404,0.350104586034102,0.155202183269201,2000
5,200,"18-month immunity, calves only",0,0,0,0,0,0.000381044668492848,0.000264792612747991,0.584005165377239,0.558573854182165,2000
5,200,"18-month immunity, six-monthly whole-herd booster",0,0.8255,0,0.00848674702109118,0,0.000563366366494831,0.000328819417018072,0.341645345338654,0.15069803804601,2000
5,200,"Lifelong immunity, calves only (paper assumption)",0,0.8155,0,0.00867351572316555,0,0.000538622686048498,0.00031777347530809,0.356127639604546,0.157066185687227,2000
5,200,"No vaccination (status quo)",0,0,0,0,0,0.000196339610716274,0.000133313644729745,0.799268225632127,0.798951287629724,2000
8,5,"18-month immunity, annual whole-herd booster",0.773,0.9965,0.00936672301287916,0.00132055859392909,0.121,0.00402281639617357,0.00226289417544671,0.383407451559647,0.16870759622961,2000
8,5,"18-month immunity, calves only",0.544,0.899,0.0111369654753887,0.00673791510780597,0.1015,0.00486117109070277,0.00480475619953381,0.521252875821745,0.31649978873979,2000
8,5,"18-month immunity, six-monthly whole-herd booster",0.7945,0.996,0.00903520198999447,0.00141138230115019,0.1025,0.0039795605418545,0.0021216616817075,0.366980207294478,0.159943394433248,2000
8,5,"Lifelong immunity, calves only (paper assumption)",0.7495,0.997,0.00968890473686267,0.00122290637417588,0.1055,0.00393411509870922,0.00217588068960893,0.391677342794942,0.17360424659174,2000
8,5,"No vaccination (status quo)",0.2565,0.541,0.00976493087533138,0.0111426881855323,0.1115,0.00421729541020842,0.00596774611951892,0.785704233948535,0.699252956518807,2000
8,10,"18-month immunity, annual whole-herd booster",0.485,0.97,0.0111753076020305,0.00381444622455213,5e-04,0.0027483960500714,0.00180655651034299,0.426846537762971,0.197461917567759,2000
8,10,"18-month immunity, calves only",0.1455,0.4015,0.00788447049585449,0.0109612442268202,0.0025,0.00273718542481924,0.00414329257641128,0.616270277260833,0.506689522392847,2000
8,10,"18-month immunity, six-monthly whole-herd booster",0.514,0.9765,0.0111759563349183,0.0033873108803297,0.003,0.0027267694413913,0.00170279703433195,0.415996044071531,0.189121307956112,2000
8,10,"Lifelong immunity, calves only (paper assumption)",0.51,0.9735,0.0111781035958699,0.00359150038284837,0.0035,0.00275123029387753,0.00179660856912306,0.423134904991783,0.194176001602847,2000
8,10,"No vaccination (status quo)",0.01,0.0355,0.0022248595461287,0.00413761706783023,0.0015,0.00100996728259666,0.00170235745614396,0.855949314190073,0.846140843719873,2000
8,20,"18-month immunity, annual whole-herd booster",0.2095,0.894,0.00909971840223641,0.00688345843308435,0,0.00193108140520787,0.0014787625065598,0.438944855825339,0.212515844907441,2000
8,20,"18-month immunity, calves only",0.005,0.019,0.00157718102955875,0.00305278561317365,0,0.00119461040613549,0.00127402683159188,0.659456363697909,0.629893440003125,2000
8,20,"18-month immunity, six-monthly whole-herd booster",0.2175,0.918,0.00922479674572833,0.00613498166256428,0,0.00193277907974942,0.00143566131350577,0.434695486662566,0.207108181784895,2000
8,20,"Lifelong immunity, calves only (paper assumption)",0.2025,0.915,0.00898592649647214,0.00623598428477814,0,0.00188648637272534,0.00141032572293757,0.440006667033434,0.209637674167152,2000
8,20,"No vaccination (status quo)",0,0,0,0,0,0.000435256829165917,0.000292787550763025,0.868122137972556,0.866810953719587,2000
8,50,"18-month immunity, annual whole-herd booster",0.0145,0.66,0.00267298989897081,0.0105924501414923,0,0.00122504793524738,0.00105933531139284,0.453995789037845,0.230728261246297,2000
8,50,"18-month immunity, calves only",0,0,0,0,0,0.000593740050992752,0.000402552470227848,0.671023402038414,0.648958514548111,2000
8,50,"18-month immunity, six-monthly whole-herd booster",0.0145,0.7085,0.00267298989897081,0.010161883437631,0,0.00121919611441324,0.00102113121099637,0.447590680468821,0.224132357707013,2000
8,50,"Lifelong immunity, calves only (paper assumption)",0.017,0.709,0.00289058817544112,0.0101567465263243,0,0.00119393075913169,0.000993433095590542,0.454591698486098,0.226986332420312,2000
8,50,"No vaccination (status quo)",0,0,0,0,0,0.00025368753541164,0.000168697564498971,0.872389925236411,0.872338647074692,2000
8,100,"18-month immunity, annual whole-herd booster",0,0.408,0,0.0109894494857568,0,0.000843326834100564,0.00075561140934027,0.45791024741711,0.236950789419894,2000
8,100,"18-month immunity, calves only",0,0,0,0,0,0.000409703630363404,0.000279393452092072,0.67373864309133,0.652838569534,2000
8,100,"18-month immunity, six-monthly whole-herd booster",0,0.4495,0,0.0111231683885483,0,0.00086650140559584,0.000752700105779855,0.451847413558631,0.229056674544878,2000
8,100,"Lifelong immunity, calves only (paper assumption)",5e-04,0.433,0.000499874984371093,0.0110795081118252,0,0.000829966729942831,0.000727556894458856,0.458746979696812,0.232860868067331,2000
8,100,"No vaccination (status quo)",0,0,0,0,0,0.000170373865661312,0.000113771162294121,0.873936232906643,0.873768406435938,2000
8,200,"18-month immunity, annual whole-herd booster",0,0.1395,0,0.00774724951192357,0,0.00060268657025077,0.000569299009917093,0.46104276706435,0.24170800323552,2000
8,200,"18-month immunity, calves only",0,0,0,0,0,0.000280222404724467,0.0001913597547171,0.674482323830824,0.65419448195423,2000
8,200,"18-month immunity, six-monthly whole-herd booster",0,0.1735,0,0.00846751882194542,0,0.000600292918612248,0.000534852190513306,0.452851610348892,0.233608266970595,2000
8,200,"Lifelong immunity, calves only (paper assumption)",0,0.1625,0,0.00824905297594821,0,0.000586146446576929,0.000535099900262141,0.458758139875627,0.236373816896775,2000
8,200,"No vaccination (status quo)",0,0,0,0,0,0.000122997014712887,7.84334640519079e-05,0.874168498253224,0.874269157645978,2000
