"R0","N","schedule","p_free_20","p_free_50","se_free_20","se_free_50","p_extinct","se_mp20","se_mp50","mp20","mp50","reps","sq_pf20","sq_se_pf20","sq_mp20","sq_se_mp20","sq_mp50","sq_se_mp50","lf_mp20","lf_se_mp20","av_lo","av_hi","rel_lo","rel_hi","averted_20","averted_50","rel_to_lifelong","benefit_free_20","se_benefit_free_20","averted_ci_width","rel_ci_width"
1.2,5,"18-month immunity, annual whole-herd booster",0.9835,1,0.00284848644019942,0,0.1115,0.00166649094941996,0.000725345100126711,0.0595939618714695,0.0248239630635372,2000,0.929,0.0057427780733718,0.103425232805356,0.00310639482062482,0.046971690503646,0.00173806406440642,0.0708382354162163,0.00194511501394031,0.375735352044723,0.468558239095989,1.17190349325968,1.58410601582346,0.423796686214628,0.471512249242757,1.34505399225564,0.0545,0.00641041145325321,0.0928228870512656,0.412202522563781
1.2,5,"18-month immunity, calves only",0.9625,0.9995,0.00424816136699161,0.000499874984371065,0.113,0.00231524736806311,0.00111844147729335,0.0825355136117838,0.0350981782568735,2000,0.929,0.0057427780733718,0.103425232805356,0.00310639482062482,0.046971690503646,0.00173806406440642,0.0708382354162163,0.00194511501394031,0.135073225913105,0.262447175731488,0.462818118959313,0.810708968219257,0.201978942922817,0.252780177154808,0.641044614946146,0.0335,0.0071432748092174,0.127373949818383,0.347890849259944
1.2,5,"18-month immunity, six-monthly whole-herd booster",0.985,1,0.00271799558498538,0,0.126,0.001569121154397,0.000677129408643847,0.0563068764376699,0.0233305895864623,2000,0.929,0.0057427780733718,0.103425232805356,0.00310639482062482,0.046971690503646,0.00173806406440642,0.0708382354162163,0.00194511501394031,0.41085383183487,0.49741716788802,1.26495809375148,1.70646480948816,0.45557892488733,0.503305302911093,1.44592506652329,0.0559999999999999,0.0063535029708028,0.0865633360531505,0.441506715736682
1.2,5,"Lifelong immunity, calves only (paper assumption)",0.9785,1,0.00324328151722911,0,0.1035,0.00194511501394031,0.000803190789089081,0.0708382354162163,0.0286406763369518,2000,0.929,0.0057427780733718,0.103425232805356,0.00310639482062482,0.046971690503646,0.00173806406440642,0.0708382354162163,0.00194511501394031,0.257751486187403,0.367311081461085,0.845212374587641,1.18424474728669,0.315077824871495,0.390256641184148,1,0.0495,0.00659532978705386,0.109559595273682,0.339032372699051
1.2,10,"18-month immunity, annual whole-herd booster",0.963,1,0.00422084114839685,0,5e-04,0.00112024951085046,0.000471136275866196,0.0615155535954134,0.0249758820041737,2000,0.7745,0.00934477795348825,0.126413263594176,0.00271183981288406,0.0660771899147381,0.00181882859462993,0.070926980959608,0.00135148167444205,0.485664543004081,0.540003386155531,1.10292008386504,1.24499996476054,0.513377379505867,0.622019610149871,1.16961719036358,0.1885,0.0102537980768104,0.0543388431514503,0.142079880895505
1.2,10,"18-month immunity, calves only",0.888,0.997,0.00705180827873248,0.00122290637417588,0.0025,0.00184669276783213,0.000992266437889236,0.0914002895728702,0.0408403755584128,2000,0.7745,0.00934477795348825,0.126413263594176,0.00271183981288406,0.0660771899147381,0.00181882859462993,0.070926980959608,0.00135148167444205,0.233942004899319,0.317360660828156,0.549138033400298,0.709564111510685,0.276972313077112,0.381929291921908,0.63102035960673,0.1135,0.0117069584008828,0.0834186559288365,0.160426078110387
1.2,10,"18-month immunity, six-monthly whole-herd booster",0.962,1,0.00427527776875375,0,0,0.00106542633180908,0.000468650365012832,0.059186347265714,0.0243226999530317,2000,0.7745,0.00934477795348825,0.126413263594176,0.00271183981288406,0.0660771899147381,0.00181882859462993,0.070926980959608,0.00135148167444205,0.505023004243002,0.556389061438991,1.14407586281497,1.28928034788213,0.531802711337951,0.631904746790591,1.21159524726531,0.1875,0.010276325948509,0.0513660571959884,0.145204485067157
1.2,10,"Lifelong immunity, calves only (paper assumption)",0.9525,1,0.00475624589355933,0,0.003,0.00135148167444205,0.000574694800048609,0.070926980959608,0.0289114140744362,2000,0.7745,0.00934477795348825,0.126413263594176,0.00271183981288406,0.0660771899147381,0.00181882859462993,0.070926980959608,0.00135148167444205,0.406650157722129,0.469481046385003,0.934595051741575,1.06969025184113,0.43892769680162,0.562459993959464,1,0.178,0.0104855495802557,0.0628308886628742,0.135095200099554
1.2,20,"18-month immunity, annual whole-herd booster",0.9475,1,0.00498717104178311,0,0,0.000697806136988143,0.000293908521741869,0.0478624913809783,0.0194391211822525,2000,0.616,0.0108752930994985,0.119859051819441,0.0021748493554605,0.074537717386338,0.00182150659301877,0.0588844575918844,0.000898308118461836,0.582104538435177,0.618327684768686,1.13933836513064,1.22556347889499,0.600676872923377,0.73920423291879,1.18076325641089,0.3315,0.0119642749466903,0.0362231463335084,0.0862251137643504
1.2,20,"18-month immunity, calves only",0.784,0.989,0.00920173896608679,0.00233227356885937,0,0.00144124553032294,0.000829729167113792,0.0803004835514453,0.0374900629450094,2000,0.616,0.0108752930994985,0.119859051819441,0.0021748493554605,0.074537717386338,0.00182150659301877,0.0588844575918844,0.000898308118461836,0.295715601172213,0.362877063605942,0.591791797189364,0.702670350274156,0.33004239285647,0.497032317870779,0.648771324666198,0.168,0.0142458414984865,0.0671614624337291,0.110878553084793
1.2,20,"18-month immunity, six-monthly whole-herd booster",0.9615,1,0.00430219420761081,0,0,0.000673789838033334,0.000281270123711719,0.0457342037691751,0.0185183825790459,2000,0.616,0.0108752930994985,0.119859051819441,0.0021748493554605,0.074537717386338,0.00182150659301877,0.0588844575918844,0.000898308118461836,0.600392253620117,0.635457699762604,1.17317047227123,1.26170883695278,0.618433459342976,0.751556886521452,1.2156677545673,0.3455,0.0116953356086946,0.0350654461424866,0.0885383646815463
1.2,20,"Lifelong immunity, calves only (paper assumption)",0.923,1,0.00596116599332714,0,0,0.000898308118461836,0.000382772165044153,0.0588844575918844,0.024039014840381,2000,0.616,0.0108752930994985,0.119859051819441,0.0021748493554605,0.074537717386338,0.00182150659301877,0.0588844575918844,0.000898308118461836,0.485405947772182,0.530747606313289,0.96000729537611,1.04186477375194,0.508719143877515,0.677491937192229,1,0.307,0.0124019151746817,0.0453416585411069,0.0818574783758252
1.2,50,"18-month immunity, annual whole-herd booster",0.872,1,0.0074704752191544,0,0,0.000452006087790896,0.000191115562871271,0.0501321820897389,0.0203790056354287,2000,0.226,0.00935211206091971,0.146019020425168,0.00162290592605279,0.114365221967863,0.00172449264146464,0.0612390995135385,0.000562037197371182,0.646905964422789,0.666111205627672,1.11241345745572,1.15010015611877,0.656673617287888,0.821807667709024,1.13100882030047,0.646,0.0119695446864114,0.0192052412048829,0.0376866986630511
1.2,50,"18-month immunity, calves only",0.486,0.9455,0.0111759563349183,0.00507591124823908,0,0.000994975040200379,0.000657530624740046,0.0896350093917198,0.0446886293490783,2000,0.226,0.00935211206091971,0.146019020425168,0.00162290592605279,0.114365221967863,0.00172449264146464,0.0612390995135385,0.000562037197371182,0.366553250482947,0.404817034331283,0.63707814648051,0.692306216790485,0.386141551075149,0.60924633747805,0.665063265300992,0.26,0.0145727142289966,0.0382637838483358,0.0552280703099743
1.2,50,"18-month immunity, six-monthly whole-herd booster",0.859,0.9995,0.0077819984579798,0.000499874984371065,0,0.000437126924878069,0.000186378404440242,0.0482953574109043,0.0196387568061325,2000,0.226,0.00935211206091971,0.146019020425168,0.00162290592605279,0.114365221967863,0.00172449264146464,0.0612390995135385,0.000562037197371182,0.659834877827814,0.678431575727886,1.13415615337598,1.17176523045552,0.66925296944,0.828280341976243,1.15267461874759,0.633,0.0121664086730637,0.0185966979000728,0.0376090770795376
1.2,50,"Lifelong immunity, calves only (paper assumption)",0.817,1,0.00864612630025724,0,0,0.000562037197371182,0.000239287425364996,0.0612390995135385,0.0249791126312672,2000,0.226,0.00935211206091971,0.146019020425168,0.00162290592605279,0.114365221967863,0.00172449264146464,0.0612390995135385,0.000562037197371182,0.568739086566301,0.592260733366864,0.981994583832897,1.0186955823595,0.580608749906507,0.781584714291147,1,0.591,0.0127364634023735,0.0235216468005637,0.0367009985266012
1.2,100,"18-month immunity, annual whole-herd booster",0.722,0.9995,0.0100178840081127,0.000499874984371065,0,0.000326429561327432,0.000140202891918317,0.05374540218883,0.0218901458293574,2000,0.0335,0.00402354010791492,0.160809008391001,0.00117105558547128,0.143229302465951,0.00130678198588579,0.0666020284416835,0.000428190744351047,0.659427139150157,0.671860105089278,1.12381863659219,1.14935468313392,0.665781147918343,0.847167126750749,1.13647211979166,0.6885,0.0107956877965232,0.0124329659391209,0.025536046541732
1.2,100,"18-month immunity, calves only",0.218,0.851,0.00923244279700665,0.00796238029737339,0,0.000725955119060021,0.000534445817167448,0.0962444776329738,0.0497402360471763,2000,0.0335,0.00402354010791492,0.160809008391001,0.00117105558547128,0.143229302465951,0.00130678198588579,0.0666020284416835,0.000428190744351047,0.389063899369005,0.413832927548843,0.667219111626822,0.703339449915592,0.401498220802663,0.652723044860176,0.685347633400014,0.1845,0.0100710910531084,0.0247690281798382,0.0361203382887705
1.2,100,"18-month immunity, six-monthly whole-herd booster",0.75,1,0.00968245836551854,0,0,0.000318029736231587,0.000135553269857758,0.050943050484644,0.0207139132743794,2000,0.0335,0.00402354010791492,0.160809008391001,0.00117105558547128,0.143229302465951,0.00130678198588579,0.0666020284416835,0.000428190744351047,0.677147590179904,0.689005093132329,1.15338612338854,1.17946040668172,0.683207731989878,0.855379360802908,1.1662188721628,0.7165,0.0104851740567336,0.0118575029524247,0.0260742832931828
1.2,100,"Lifelong immunity, calves only (paper assumption)",0.582,0.999,0.0110289618731774,0.000706753139363385,0,0.000428190744351047,0.000182670512705467,0.0666020284416835,0.0272824455237696,2000,0.0335,0.00402354010791492,0.160809008391001,0.00117105558547128,0.143229302465951,0.00130678198588579,0.0666020284416835,0.000428190744351047,0.577770119686304,0.593618705495452,0.987333660058521,1.01277700807858,0.585831483521476,0.809519106397552,1,0.5485,0.011739969122617,0.0158485858091478,0.0254433480200587
1.2,200,"18-month immunity, annual whole-herd booster",0.527,0.999,0.0111640270512033,0.000706753139363385,0,0.000234336083840084,9.99613112565796e-05,0.0524485853453625,0.0213719461027648,2000,0.0015,0.000865375640979107,0.161734418397349,0.000808336142945826,0.154676842856458,0.00090987852202159,0.0643224262879718,0.000298207557896896,0.671471694993905,0.679946733913395,1.11353523765203,1.13044497732498,0.675711664436775,0.861828404898346,1.12189301014681,0.5255,0.0111975164657169,0.00847503891949042,0.016909739672951
1.2,200,"18-month immunity, calves only",0.051,0.6725,0.00491929873051027,0.0104938970358966,0,0.000516034770479113,0.000397803578956342,0.0934252742731251,0.0499375163512879,2000,0.0015,0.000865375640979107,0.161734418397349,0.000808336142945826,0.154676842856458,0.00090987852202159,0.0643224262879718,0.000298207557896896,0.413765172510142,0.430619562297935,0.688710802687082,0.713451218635926,0.422353787159898,0.677149368780235,0.701239576822577,0.0495,0.00499483483210406,0.0168543897877935,0.0247404159488439
1.2,200,"18-month immunity, six-monthly whole-herd booster",0.5455,0.9995,0.0111339514548969,0.000499874984371065,0,0.000217954740845664,9.22333364144594e-05,0.0494584462740623,0.0201231298334827,2000,0.0015,0.000865375640979107,0.161734418397349,0.000808336142945826,0.154676842856458,0.00090987852202159,0.0643224262879718,0.000298207557896896,0.690244496976559,0.698114954146536,1.14397123082846,1.16117762907608,0.694199622046107,0.869902116814233,1.15258881059757,0.544,0.0111675310610716,0.0078704571699767,0.017206398247618
1.2,200,"Lifelong immunity, calves only (paper assumption)",0.3835,0.9985,0.0108726204293169,0.000865375640979091,0,0.000298207557896896,0.000127541497542837,0.0643224262879718,0.0263073239680502,2000,0.0015,0.000865375640979107,0.161734418397349,0.000808336142945826,0.154676842856458,0.00090987852202159,0.0643224262879718,0.000298207557896896,0.596930508568638,0.607577089606262,0.991437912446393,1.0085116547527,0.60229599286687,0.829920733561496,1,0.382,0.0109070046300531,0.0106465810376241,0.0170737423063059
1.5,5,"18-month immunity, annual whole-herd booster",0.9735,1,0.00359150038284837,0,0.0925,0.00217269301883648,0.000930610182824253,0.123159081749829,0.0499362383317993,2000,0.8395,0.00820791538699078,0.215353119631172,0.00422424903712528,0.106535029210123,0.00266778236826993,0.133107629528,0.00239793723258299,0.397320431638307,0.456702999954857,1.04114643129113,1.20954300333302,0.428106349419225,0.531269304546695,1.12096162070031,0.134,0.00895928289541077,0.0593825683165505,0.168396572041886
1.5,5,"18-month immunity, calves only",0.922,0.9985,0.00599649897857074,0.000865375640979091,0.116,0.00310752187023989,0.00160045122492107,0.157500786056948,0.0683761207526629,2000,0.8395,0.00820791538699078,0.215353119631172,0.00422424903712528,0.106535029210123,0.00266778236826993,0.133107629528,0.00239793723258299,0.227222314990422,0.307161159596063,0.610664264674538,0.793042107107962,0.268639403382247,0.358181799361016,0.70341040586726,0.0825,0.0101650319724042,0.0799388446056414,0.182377842433423
1.5,5,"18-month immunity, six-monthly whole-herd booster",0.9715,1,0.0037207358143249,0,0.0865,0.00212345639826535,0.00090819906151242,0.11856648606002,0.0481720309206512,2000,0.8395,0.00820791538699078,0.215353119631172,0.00422424903712528,0.106535029210123,0.00266778236826993,0.133107629528,0.00239793723258299,0.41994712662598,0.477414763243031,1.09609812109833,1.26993054658432,0.449432233612012,0.547829185594537,1.17680171216367,0.132,0.00901186717611839,0.0574676366170505,0.173832425485992
1.5,5,"Lifelong immunity, calves only (paper assumption)",0.9625,1,0.00424816136699161,0,0.1095,0.00239793723258299,0.00102581113436516,0.133107629528,0.0544006079062718,2000,0.8395,0.00820791538699078,0.215353119631172,0.00422424903712528,0.106535029210123,0.00266778236826993,0.133107629528,0.00239793723258299,0.348568322595668,0.41318220116095,0.921105107909731,1.08440782049804,0.381909907987545,0.489364124554983,1,0.123,0.00924211826368825,0.0646138785652825,0.163302712588311
1.5,10,"18-month immunity, annual whole-herd booster",0.937,1,0.00543281694887652,0,0.002,0.00136895723986279,0.00058994185606413,0.0972365543597492,0.0396641073931446,2000,0.606,0.0109262070271435,0.22906769382609,0.0034045622466968,0.135619403478951,0.00278760599819156,0.112518095549977,0.00161618789340718,0.557932645370511,0.59235403765198,1.09377922609458,1.1708817989621,0.575511706886209,0.707533683413518,1.13111620645851,0.331,0.0122023563298242,0.0344213922814689,0.0771025728675208
1.5,10,"18-month immunity, calves only",0.7995,0.987,0.00895264625683379,0.00253288373203351,0.002,0.00237335561076863,0.00137870681402828,0.150028340019545,0.0693082784353374,2000,0.606,0.0109262070271435,0.22906769382609,0.0034045622466968,0.135619403478951,0.00278760599819156,0.112518095549977,0.00161618789340718,0.316614980747911,0.372343754439697,0.629843585321124,0.725182858001884,0.345048018279488,0.488950130605059,0.678160671298891,0.1935,0.0141255752095269,0.0557287736917855,0.0953392726807603
1.5,10,"18-month immunity, six-monthly whole-herd booster",0.9515,1,0.00480352734977121,0,0.001,0.00132556015635834,0.000564562589223117,0.0930138570377826,0.0378291307483688,2000,0.606,0.0109262070271435,0.22906769382609,0.0034045622466968,0.135619403478951,0.00278760599819156,0.112518095549977,0.00161618789340718,0.577420166118116,0.609977210932489,1.12820841295089,1.2092085559661,0.593945983895924,0.721064023451185,1.16734711059224,0.3455,0.011935488050348,0.0325570448143733,0.0810001430152116
1.5,10,"Lifelong immunity, calves only (paper assumption)",0.925,1,0.00588960949469487,0,0.002,0.00161618789340718,0.000682367023279882,0.112518095549977,0.0457718563784724,2000,0.606,0.0109262070271435,0.22906769382609,0.0034045622466968,0.135619403478951,0.00278760599819156,0.112518095549977,0.00161618789340718,0.488362151295581,0.528279230824979,0.961383136759908,1.03863834446631,0.508799806421408,0.662497731118714,1,0.319,0.0124124735649265,0.0399170795293979,0.0772552077063976
1.5,20,"18-month immunity, annual whole-herd booster",0.8735,1,0.0074329586975847,0,0,0.00102278877735594,0.000436663427148533,0.111268866471238,0.0452537350843678,2000,0.2445,0.00961040451802108,0.28619472574105,0.00260449527650161,0.21643343277806,0.00282323269205993,0.129659277325287,0.00118774317775622,0.60125351779136,0.620949302737361,1.09667598232054,1.13920288625149,0.611212728735208,0.79091153107213,1.11748400148447,0.629,0.0121494341432019,0.0196957849460013,0.0425269039309575
1.5,20,"18-month immunity, calves only",0.5485,0.946,0.0111276176695643,0.00505390937789747,0,0.00188323331091118,0.00131312723226336,0.180095280082389,0.0902177147014936,2000,0.2445,0.00961040451802108,0.28619472574105,0.00260449527650161,0.21643343277806,0.00282323269205993,0.129659277325287,0.00118774317775622,0.353223481027042,0.387514470005159,0.649987693099553,0.705213564631872,0.370724671406629,0.583161836212216,0.677798203106416,0.304,0.014703188429725,0.0342909889781171,0.0552258715323191
1.5,20,"18-month immunity, six-monthly whole-herd booster",0.877,1,0.00734407924793844,0,0,0.000997515473669983,0.00042798000004818,0.105962038280306,0.0431711241203494,2000,0.2445,0.00961040451802108,0.28619472574105,0.00260449527650161,0.21643343277806,0.00282323269205993,0.129659277325287,0.00118774317775622,0.620118014532008,0.639055801073756,1.12996425064639,1.17361665912452,0.629755447079128,0.800533939852912,1.15138576779133,0.6325,0.0120952625023188,0.0189377865417476,0.043652408478124
1.5,20,"Lifelong immunity, calves only (paper assumption)",0.8125,1,0.00872765002735559,0,0,0.00118774317775622,0.000516285461677207,0.129659277325287,0.0531283742215774,2000,0.2445,0.00961040451802108,0.28619472574105,0.00260449527650161,0.21643343277806,0.00282323269205993,0.129659277325287,0.00118774317775622,0.535281928228684,0.558192840097659,0.97923352359219,1.02108049218291,0.546954343796666,0.754527877049118,1,0.568,0.0129819778924477,0.0229109118689755,0.0418469685907198
1.5,50,"18-month immunity, annual whole-herd booster",0.684,1,0.0103957683698705,0,0,0.000670000099408038,0.000287839272144895,0.111109028006269,0.045345234842299,2000,0.0135,0.00258047960658479,0.315216103063642,0.00158885461756085,0.291196522025208,0.00174705597205626,0.127471415285874,0.000763850627970095,0.642033722106406,0.652864089393238,1.07599629860131,1.09855054184905,0.647514746466377,0.844279613894655,1.08715233156942,0.6705,0.0107112499270627,0.0108303672868321,0.0225542432477437
1.5,50,"18-month immunity, calves only",0.172,0.76,0.0084384832760396,0.00954986910905066,0,0.00122967239890638,0.0010779320304655,0.191024625772774,0.107437532266123,2000,0.0135,0.00258047960658479,0.315216103063642,0.00158885461756085,0.291196522025208,0.00174705597205626,0.127471415285874,0.000763850627970095,0.384393023207744,0.403534784477989,0.646764485726479,0.676239474247037,0.393988365707933,0.631048023791911,0.661491298426894,0.1585,0.00882422092878459,0.0191417612702449,0.0294749885205574
1.5,50,"18-month immunity, six-monthly whole-herd booster",0.699,0.9995,0.0102566807496383,0.000499874984371065,0,0.000615833377776879,0.000264804815554768,0.103229325934226,0.0421370992439321,2000,0.0135,0.00258047960658479,0.315216103063642,0.00158885461756085,0.291196522025208,0.00174705597205626,0.127471415285874,0.000763850627970095,0.667413470871413,0.677547384652305,1.11796391343529,1.14058800515818,0.672512524167004,0.855296694648419,1.12912263797495,0.6855,0.0105763119753532,0.0101339137808921,0.0226240917228913
1.5,50,"Lifelong immunity, calves only (paper assumption)",0.6305,0.9985,0.0107928158976238,0.000865375640979091,0,0.000763850627970095,0.000332743421322579,0.127471415285874,0.0522024416845185,2000,0.0135,0.00258047960658479,0.315216103063642,0.00158885461756085,0.291196522025208,0.00174705597205626,0.127471415285874,0.000763850627970095,0.589410684765487,0.601846505899723,0.988730897772623,1.01152307344951,0.595606271231209,0.820731232222617,1,0.617,0.0110970153645023,0.0124358211342355,0.0227921756768845
1.5,100,"18-month immunity, annual whole-herd booster",0.4795,0.999,0.0111709388593797,0.000706753139363385,0,0.000456876813023865,0.000196862723845854,0.108053001228541,0.0441156958168695,2000,0,0,0.321421485276964,0.00111304045152102,0.313829368425797,0.00101699676779494,0.128797954929381,0.000548338462259122,0.660148128251064,0.667382110075955,1.09992515372128,1.11550420562861,0.663827696099925,0.859427764717628,1.10769688242867,0.4795,0.0111709388593797,0.0072339818248911,0.0155790519073349
1.5,100,"18-month immunity, calves only",0.0275,0.468,0.00365675744341896,0.0111574190563947,0,0.000898325071305675,0.000843335592280325,0.193440649858465,0.116968915395163,2000,0,0,0.321421485276964,0.00111304045152102,0.313829368425797,0.00101699676779494,0.128797954929381,0.000548338462259122,0.391207573627382,0.404949301718807,0.653611145514603,0.674936455962576,0.398171377088312,0.627284992536256,0.664409146626903,0.0275,0.00365675744341896,0.0137417280914259,0.0213253104479726
1.5,100,"18-month immunity, six-monthly whole-herd booster",0.5115,0.999,0.0111773822964055,0.000706753139363385,0,0.000451217515946482,0.000193270821460463,0.102192033921876,0.0416766227163833,2000,0,0,0.321421485276964,0.00111304045152102,0.313829368425797,0.00101699676779494,0.128797954929381,0.000548338462259122,0.678594349973564,0.685583166069221,1.13023145692321,1.14610632011713,0.682062218604277,0.867199736833306,1.13812394030727,0.5115,0.0111773822964055,0.00698881609565716,0.0158748631939225
1.5,100,"Lifelong immunity, calves only (paper assumption)",0.3745,0.999,0.0108224246359122,0.000706753139363385,0,0.000548338462259122,0.000238276362578592,0.128797954929381,0.0528729978181216,2000,0,0,0.321421485276964,0.00111304045152102,0.313829368425797,0.00101699676779494,0.128797954929381,0.000548338462259122,0.594907775084442,0.603572925926348,0.992122312788395,1.00798438666831,0.59928641727731,0.831523104152622,1,0.3745,0.0108224246359122,0.00866515084190633,0.0158620738799126
1.5,200,"18-month immunity, annual whole-herd booster",0.234,0.9975,0.00946688966873492,0.00111663557170635,0,0.000318515086139599,0.000137174696871563,0.109271200385892,0.0445830619857183,2000,0,0,0.327438058240227,0.0007508224397993,0.324730459426194,0.000649149116121221,0.129052468494732,0.000382450640516297,0.663814755952228,0.668678306905518,1.09446345344506,1.10497370145793,0.666284362382442,0.862707483417177,1.09971121458074,0.234,0.00946688966873492,0.00486355095328972,0.0105102480128694
1.5,200,"18-month immunity, calves only",5e-04,0.1705,0.000499874984371093,0.00840921369689224,0,0.000634217128192128,0.000625551569860049,0.197791612749638,0.12412298255275,2000,0,0,0.327438058240227,0.0007508224397993,0.324730459426194,0.000649149116121221,0.129052468494732,0.000382450640516297,0.391204020870296,0.400602368052582,0.646188072274955,0.660728460244518,0.395941895659158,0.617766122795876,0.653507372470503,5e-04,0.000499874984371093,0.0093983471822861,0.0145403879695621
1.5,200,"18-month immunity, six-monthly whole-herd booster",0.2605,1,0.00981426894883159,0,0,0.000314719815332516,0.00013537001530134,0.103511326495686,0.0422406470021349,2000,0,0,0.327438058240227,0.0007508224397993,0.324730459426194,0.000649149116121221,0.129052468494732,0.000382450640516297,0.681497138590547,0.686233348200175,1.12341880716939,1.13416874019364,0.683875090598832,0.869920896620616,1.1287449457988,0.2605,0.00981426894883159,0.00473620960962817,0.0107499330242504
1.5,200,"Lifelong immunity, calves only (paper assumption)",0.134,0.9975,0.00761721733968514,0.00111663557170635,0,0.000382450640516297,0.000165645478781298,0.129052468494732,0.0529346869121569,2000,0,0,0.327438058240227,0.0007508224397993,0.324730459426194,0.000649149116121221,0.129052468494732,0.000382450640516297,0.602994876868481,0.60872057364458,0.994629234949016,1.00538377494845,0.605872117650869,0.836988846054991,1,0.134,0.00761721733968514,0.00572569677609991,0.0107545399994368
2,5,"18-month immunity, annual whole-herd booster",0.9425,0.9995,0.00520546587732549,0.000499874984371065,0.114,0.00256185190116324,0.00111736268236955,0.180291002946241,0.0736062129097206,2000,0.708,0.010167005458836,0.341567193974299,0.00481760433895935,0.183907882346846,0.00370746424038609,0.194014297528416,0.00260308670365635,0.451072996502076,0.492555154112876,1.04392198757285,1.14574540810675,0.472165342202603,0.599765861199463,1.09300593151831,0.2345,0.0114221221758481,0.0414821576108,0.101823420533895
2,5,"18-month immunity, calves only",0.8505,0.9955,0.00797338541649656,0.00149662119455792,0.1155,0.00357111099386071,0.00202678569228874,0.246269734324137,0.109869026880521,2000,0.708,0.010167005458836,0.341567193974299,0.00481760433895935,0.183907882346846,0.00370746424038609,0.194014297528416,0.00260308670365635,0.24971624488001,0.307131727371586,0.58715131632206,0.702310592268363,0.279000622224079,0.40258663479518,0.645852856471128,0.1425,0.0129206375616685,0.0574154824915756,0.115159275946303
2,5,"18-month immunity, six-monthly whole-herd booster",0.9375,0.9995,0.00541265877365274,0.000499874984371065,0.108,0.00254802127561977,0.00109741205913799,0.179951161380288,0.0742943197348704,2000,0.708,0.010167005458836,0.341567193974299,0.00481760433895935,0.183907882346846,0.00370746424038609,0.194014297528416,0.00260308670365635,0.4523789838547,0.493223014339647,1.04541652824473,1.14770562390446,0.473160290113141,0.596024277008677,1.09530911616693,0.2295,0.0115180239190583,0.0408440304849474,0.102289095659735
2,5,"Lifelong immunity, calves only (paper assumption)",0.937,0.9995,0.00543281694887652,0.000499874984371065,0.112,0.00260308670365635,0.00114064311751372,0.194014297528416,0.0785264882885932,2000,0.708,0.010167005458836,0.341567193974299,0.00481760433895935,0.183907882346846,0.00370746424038609,0.194014297528416,0.00260308670365635,0.410099607534004,0.453390015401227,0.952705708049378,1.04955288280762,0.431987904719519,0.573011840022746,1,0.229,0.0115275105725391,0.0432904078672224,0.096847174758244
2,10,"18-month immunity, annual whole-herd booster",0.888,0.9995,0.00705180827873248,0.000499874984371065,0.001,0.00173416937861186,0.000757191373513469,0.165079085435303,0.0675280800943253,2000,0.353,0.0106862294566419,0.39613978841909,0.0036781433813495,0.281619912151876,0.00394422709126477,0.185916853651297,0.00187229405280939,0.571820530039816,0.594754479986776,1.07438111379965,1.12514907455055,0.583280724983222,0.760215534553864,1.09912224010673,0.535,0.0128032613032774,0.0229339499469596,0.0507679607508975
2,10,"18-month immunity, calves only",0.6305,0.951,0.0107928158976238,0.00482695556225661,5e-04,0.00277615487868772,0.00200736686740558,0.25449483275046,0.128069250834098,2000,0.353,0.0106862294566419,0.39613978841909,0.0036781433813495,0.281619912151876,0.00394422709126477,0.185916853651297,0.00187229405280939,0.339493201643186,0.37530854708625,0.643214588683535,0.70427670856926,0.357563061852245,0.545240782672244,0.673784503223151,0.2775,0.0151881656232739,0.0358153454430632,0.0610621198857247
2,10,"18-month immunity, six-monthly whole-herd booster",0.902,1,0.00664815763952691,0,0.0015,0.0016278241460256,0.000710714870114271,0.15542709341693,0.0636241911747016,2000,0.353,0.0106862294566419,0.39613978841909,0.0036781433813495,0.281619912151876,0.00394422709126477,0.185916853651297,0.00187229405280939,0.596866260191796,0.618359541037593,1.12002021870266,1.17106599191824,0.607645841289494,0.774077796244786,1.1450353657561,0.549,0.0125854479459414,0.021493280845797,0.0510457732155842
2,10,"Lifelong immunity, calves only (paper assumption)",0.865,0.9995,0.00764117137617002,0.000499874984371065,0.002,0.00187229405280939,0.00083082043993653,0.185916853651297,0.0763446081222436,2000,0.353,0.0106862294566419,0.39613978841909,0.0036781433813495,0.281619912151876,0.00394422709126477,0.185916853651297,0.00187229405280939,0.517915640927146,0.543108799758129,0.975808148770034,1.02499820670424,0.53067866675738,0.728909054978075,1,0.512,0.0131370849125672,0.0251931588309832,0.0491900579342049
2,20,"18-month immunity, annual whole-herd booster",0.768,0.9995,0.00943864397040168,0.000499874984371065,0,0.00127098251701842,0.000558645746121146,0.168436009857839,0.0690476203220416,2000,0.066,0.00555175647880921,0.456023041631159,0.00239037180424997,0.414792701159107,0.00283281015826327,0.188742025731938,0.00134980375111035,0.623940125401869,0.637016031705592,1.06204500023998,1.09035102727501,0.630641449047494,0.833537041203731,1.0759725332747,0.702,0.0109503424603982,0.013075906303723,0.028306027035035
2,20,"18-month immunity, calves only",0.308,0.7975,0.0103231778053078,0.00898592649647214,0,0.00205041906021161,0.00199849941191955,0.281476973159024,0.166887504789693,2000,0.066,0.00555175647880921,0.456023041631159,0.00239037180424997,0.414792701159107,0.00283281015826327,0.188742025731938,0.00134980375111035,0.371796697166513,0.393571896095388,0.635443239621262,0.670406989098642,0.382757125271122,0.597660459493772,0.653043269402825,0.242,0.0117213480453402,0.0217751989288755,0.03496374947738
2,20,"18-month immunity, six-monthly whole-herd booster",0.788,0.9995,0.00913936540466569,0.000499874984371065,0,0.0012222986365319,0.000536809734784371,0.161427043452768,0.066042659959158,2000,0.066,0.00555175647880921,0.456023041631159,0.00239037180424997,0.414792701159107,0.00283281015826327,0.188742025731938,0.00134980375111035,0.639654591150489,0.652378231611068,1.08813090289331,1.11685058538115,0.646011212776977,0.840781528280014,1.10219574400851,0.722,0.0106934559427717,0.0127236404605786,0.0287196824878364
2,20,"Lifelong immunity, calves only (paper assumption)",0.726,0.9995,0.00997306372184596,0.000499874984371065,0,0.00134980375111035,0.000600578219476277,0.188742025731938,0.0778542226328911,2000,0.066,0.00555175647880921,0.456023041631159,0.00239037180424997,0.414792701159107,0.00283281015826327,0.188742025731938,0.00134980375111035,0.578836592347775,0.593312212951821,0.985959134013337,1.01394396805865,0.586112962501143,0.812305707368203,1,0.66,0.0114142016803629,0.0144756206040465,0.0279848340453086
2,50,"18-month immunity, annual whole-herd booster",0.513,0.999,0.0111765602937576,0.000706753139363385,0,0.000799443823844538,0.00035335617741378,0.170522929942187,0.070008096249289,2000,0,0,0.484430555390163,0.00121366238952927,0.478321985927428,0.000978777025609705,0.191211898595977,0.000864710127314715,0.644227320508217,0.651618530342718,1.06242285743664,1.07878246291506,0.647993034203124,0.853638138515526,1.07055815915667,0.513,0.0111765602937576,0.00739120983450059,0.0163596054784236
2,50,"18-month immunity, calves only",0.0325,0.321,0.00396508196636589,0.0104393246908026,0,0.00131175230162622,0.00149851229818601,0.30152378519798,0.215412242551422,2000,0,0,0.484430555390163,0.00121366238952927,0.478321985927428,0.000978777025609705,0.191211898595977,0.000864710127314715,0.371421646308453,0.383612039613063,0.613716970568199,0.633652191085358,0.377570671703128,0.549650133405942,0.623789673521926,0.0325,0.00396508196636589,0.0121903933046096,0.0199352205171589
2,50,"18-month immunity, six-monthly whole-herd booster",0.537,0.997,0.011149686094236,0.00122290637417588,0,0.000775785404034005,0.000343244013887884,0.162793869048597,0.0668509595822394,2000,0,0,0.484430555390163,0.00121366238952927,0.478321985927428,0.000978777025609705,0.191211898595977,0.000864710127314715,0.66035859985279,0.667540064980268,1.08879983320738,1.10535390367969,0.663947975128278,0.860238580811583,1.09691753539178,0.537,0.011149686094236,0.00718146512747775,0.0165540704723155
2,50,"Lifelong immunity, calves only (paper assumption)",0.453,0.998,0.0111308355481518,0.000998999499499375,0,0.000864710127314715,0.00038723983596879,0.191211898595977,0.0788718923872914,2000,0,0,0.484430555390163,0.00121366238952927,0.478321985927428,0.000978777025609705,0.191211898595977,0.000864710127314715,0.601347568579008,0.609247825862148,0.9919952037663,1.00822404406094,0.605285223096686,0.835107114647124,1,0.453,0.0111308355481518,0.00790025728313992,0.0162288402946353
2,100,"18-month immunity, annual whole-herd booster",0.253,0.999,0.00972087958983136,0.000706753139363385,0,0.000581906051701547,0.000261448210249244,0.171461921890062,0.0705358341772997,2000,0,0,0.492341582670571,0.000817578664219336,0.490697139154778,0.000598102006427076,0.193088227272157,0.000604632374540349,0.649166407837841,0.654289996141457,1.06663016807145,1.07797838907356,0.651741945175514,0.85625383042013,1.07226754518192,0.253,0.00972087958983136,0.00512358830361548,0.0113482210021012
2,100,"18-month immunity, calves only",0.001,0.0615,0.000706753139363385,0.00537204569973116,0,0.000940323389240617,0.00101465898957908,0.308638298833055,0.236287508526139,2000,0,0,0.492341582670571,0.000817578664219336,0.490697139154778,0.000598102006427076,0.193088227272157,0.000604632374540349,0.3689132010343,0.377368749979007,0.607059435972496,0.620791487594911,0.373121609678119,0.518465689583717,0.613872093741242,0.001,0.000706753139363385,0.00845554894470757,0.0137320516224146
2,100,"18-month immunity, six-monthly whole-herd booster",0.271,0.998,0.00993878765242522,0.000998999499499375,0,0.000558404723863809,0.000249572736359849,0.162943602458225,0.0669815584208756,2000,0,0,0.492341582670571,0.000817578664219336,0.490697139154778,0.000598102006427076,0.193088227272157,0.000604632374540349,0.66659313652534,0.67154376891698,1.09515568663246,1.10653417291841,0.669043590479637,0.863497149104536,1.10073278802104,0.271,0.00993878765242522,0.00495063239164018,0.011378486285947
2,100,"Lifelong immunity, calves only (paper assumption)",0.1805,0.9965,0.00859999273255507,0.00132055859392909,0,0.000604632374540349,0.000270823591847531,0.193088227272157,0.0797781531816304,2000,0,0,0.492341582670571,0.000817578664219336,0.490697139154778,0.000598102006427076,0.193088227272157,0.000604632374540349,0.605088983060718,0.610527913073437,0.994433325732562,1.00570702119421,0.607816536184485,0.837418752187862,1,0.1805,0.00859999273255507,0.00543893001271945,0.0112736954616528
2,200,"18-month immunity, annual whole-herd booster",0.0745,0.992,0.00587153089066216,0.0019919839356782,0,0.000420081876240743,0.00018664377053949,0.171624491729628,0.070547587864611,2000,0,0,0.49683698363421,0.000557803072211642,0.495684468546725,0.000405551270387731,0.192591654697273,0.000424185820622504,0.652753426667265,0.656410703643618,1.06493707530601,1.07295349191821,0.654565788411628,0.857676420503055,1.06891531594226,0.0745,0.00587153089066216,0.00365727697635321,0.00801641661220098
2,200,"18-month immunity, calves only",0,0.0015,0,0.000865375640979107,0,0.000631859483302264,0.000637048302304811,0.312447560671576,0.247369168345963,2000,0,0,0.49683698363421,0.000557803072211642,0.495684468546725,0.000405551270387731,0.192591654697273,0.000424185820622504,0.368242554041925,0.37390367835587,0.601448400443937,0.610605418951468,0.371126604975907,0.500954369074316,0.606055066176065,0,0,0.00566112431394483,0.00915701850753092
2,200,"18-month immunity, six-monthly whole-herd booster",0.073,0.9975,0.00581682903307292,0.00111663557170635,0,0.000385859689916633,0.000170558246600711,0.163147921033378,0.0670327164295241,2000,0,0,0.49683698363421,0.000557803072211642,0.495684468546725,0.000405551270387731,0.192591654697273,0.000424185820622504,0.669942539207028,0.673307195775013,1.09291447984778,1.10065245948123,0.671626858693166,0.864767365767876,1.09677628828937,0.073,0.00581682903307292,0.00336465656798413,0.00773797963345157
2,200,"Lifelong immunity, calves only (paper assumption)",0.028,0.9945,0.00368890227574546,0.00165374574829385,0,0.000424185820622504,0.000189162680151562,0.192591654697273,0.0793860242453365,2000,0,0,0.49683698363421,0.000557803072211642,0.495684468546725,0.000405551270387731,0.192591654697273,0.000424185820622504,0.610469700866927,0.614217925464159,0.996153586256593,1.00387890911081,0.612364495717441,0.8398456492331,1,0.028,0.00368890227574546,0.00374822459723223,0.00772532285421956
3,5,"18-month immunity, annual whole-herd booster",0.912,1,0.00633466652634533,0,0.1055,0.00296471346229275,0.00133884212381213,0.217377986139498,0.0901701103071352,2000,0.536,0.0111513227914898,0.478539842186273,0.00541235590245749,0.317254212521349,0.00541693608004707,0.22855250845317,0.00301199366701937,0.529516316348625,0.561476139634641,1.01156808404651,1.07948463854971,0.545747361084132,0.715779627981875,1.04470035400114,0.376,0.0128249756335051,0.0319598232860167,0.0679165545031968
3,5,"18-month immunity, calves only",0.7735,0.9805,0.00935942706579842,0.00309190475273738,0.111,0.0042472519980076,0.00292320262121846,0.310382828694061,0.15301679102264,2000,0.536,0.0111513227914898,0.478539842186273,0.00541235590245749,0.317254212521349,0.00541693608004707,0.22855250845317,0.00301199366701937,0.328591343548639,0.373618891613385,0.633144525969166,0.711765788528195,0.35139605664591,0.517683973976095,0.672662134441352,0.2375,0.0145585327213974,0.0450275480647456,0.0786212625590289
3,5,"18-month immunity, six-monthly whole-herd booster",0.923,1,0.00596116599332714,0,0.107,0.00298596247130705,0.00135048055735551,0.212583631338565,0.0880199840849466,2000,0.536,0.0111513227914898,0.478539842186273,0.00541235590245749,0.317254212521349,0.00541693608004707,0.22855250845317,0.00301199366701937,0.539919688551213,0.57125145425443,1.02954835981611,1.09899129763826,0.555766077141355,0.722556925610488,1.06387874487934,0.387,0.012644662905748,0.0313317657032168,0.0694429378221542
3,5,"Lifelong immunity, calves only (paper assumption)",0.9195,1,0.0060835741961449,0,0.1035,0.00301199366701937,0.00133195619191791,0.22855250845317,0.0928329063317072,2000,0.536,0.0111513227914898,0.478539842186273,0.00541235590245749,0.317254212521349,0.00541693608004707,0.22855250845317,0.00301199366701937,0.505943216840868,0.538355515605745,0.966986303883449,1.0336893945597,0.522396071748181,0.707386371345786,1,0.3835,0.0127028294092301,0.0324122987648769,0.0667030906762526
3,10,"18-month immunity, annual whole-herd booster",0.806,1,0.00884205858383668,0,0.0025,0.0020775094339146,0.000955484268567982,0.244391560802117,0.101178427751087,2000,0.125,0.00739509972887452,0.595414727652628,0.00309642169128355,0.51941312637244,0.00415326657233253,0.258455018656711,0.00207800544346161,0.581432339870151,0.597394413956086,1.02418275297215,1.05927866071149,0.589543977580787,0.805206255649115,1.041736318851,0.681,0.011526903313553,0.0159620740859346,0.0350959077393371
3,10,"18-month immunity, calves only",0.4365,0.8475,0.0110898095114389,0.00803877322730278,0.001,0.00311226457461278,0.00306020710373093,0.377532216933569,0.225283438864496,2000,0.125,0.00739509972887452,0.595414727652628,0.00309642169128355,0.51941312637244,0.00415326657233253,0.258455018656711,0.00207800544346161,0.353739240029629,0.377963008331396,0.626031653353784,0.66738904352161,0.365934029845117,0.566273112044999,0.646612947786285,0.3115,0.013329342631953,0.0242237683017667,0.0413573901678257
3,10,"18-month immunity, six-monthly whole-herd booster",0.8145,0.9985,0.00869165548097714,0.000865375640979091,0.0015,0.00206666181581354,0.000937670830621146,0.235643128445152,0.097324358119435,2000,0.125,0.00739509972887452,0.595414727652628,0.00309642169128355,0.51941312637244,0.00415326657233253,0.258455018656711,0.00207800544346161,0.596425715976198,0.612070002733017,1.05027362402904,1.08551101824524,0.6042369839017,0.812626302305557,1.06769916284512,0.6895,0.0114119400191203,0.0156442867568186,0.0352373942161963
3,10,"Lifelong immunity, calves only (paper assumption)",0.7815,0.9995,0.00924006899324891,0.000499874984371065,0.0025,0.00207800544346161,0.000976305934030698,0.258455018656711,0.107348911639004,2000,0.125,0.00739509972887452,0.595414727652628,0.00309642169128355,0.51941312637244,0.00415326657233253,0.258455018656711,0.00207800544346161,0.557738353081221,0.573890967736725,0.983090903309208,1.01695537392132,0.565924377323269,0.793326532987865,1,0.6565,0.0118349640895104,0.0161526146555032,0.033864470612114
3,20,"18-month immunity, annual whole-herd booster",0.6255,0.9985,0.0108224246359122,0.000865375640979091,0,0.00152459687981346,0.000707788926928446,0.243301842066751,0.101218798713201,2000,0.006,0.0017268468374468,0.63949107203635,0.00142852547372591,0.631231512288365,0.00143458522213256,0.254647279320553,0.0015349188656812,0.614498012790605,0.624408674880121,1.01832843025682,1.04095806613068,0.61953832867127,0.839648691893948,1.02948062946199,0.6195,0.010959328218463,0.00991066208951585,0.0226296358738622
3,20,"18-month immunity, calves only",0.1235,0.433,0.00735689302627135,0.0110795081118252,0,0.00206854482274783,0.00265733506264063,0.414103392717652,0.312620782727033,2000,0.006,0.0017268468374468,0.63949107203635,0.00142852547372591,0.631231512288365,0.00143458522213256,0.254647279320553,0.0015349188656812,0.345626795979021,0.359426110603748,0.574053430944958,0.597620425784374,0.352448515975351,0.504744651302804,0.585660165461327,0.1175,0.00755684292545505,0.0137993146247271,0.0235669948394157
3,20,"18-month immunity, six-monthly whole-herd booster",0.644,0.9985,0.0107066334578148,0.000865375640979091,0,0.00149248019042294,0.000690101560663968,0.23197831623483,0.0963639326702198,2000,0.006,0.0017268468374468,0.63949107203635,0.00142852547372591,0.631231512288365,0.00143458522213256,0.254647279320553,0.0015349188656812,0.632371323985961,0.642120817257812,1.04766809076694,1.07020844164019,0.637245418460441,0.847339794046597,1.0589043230391,0.638,0.0108449988473951,0.00974949327185026,0.0225403508732471
3,20,"Lifelong immunity, calves only (paper assumption)",0.586,0.9945,0.0110137187180352,0.00165374574829385,0,0.0015349188656812,0.000724551479668172,0.254647279320553,0.106369736676423,2000,0.006,0.0017268468374468,0.63949107203635,0.00142852547372591,0.631231512288365,0.00143458522213256,0.254647279320553,0.0015349188656812,0.596772955928146,0.606769272705598,0.989009430128364,1.01104486840483,0.601796975038803,0.831488551180204,1,0.58,0.0111482734089185,0.00999631677745183,0.0220354382764629
3,50,"18-month immunity, annual whole-herd booster",0.2975,0.9935,0.0102223713002414,0.00179690706493129,0,0.000934688794828363,0.000453485213409888,0.246081670570565,0.102957416054775,2000,0,0,0.658035671334389,0.000747984331299889,0.656863784316653,0.000520966148484398,0.262946196995254,0.000963073773070166,0.623084488823936,0.62892079726013,1.03583021336657,1.04951973063723,0.626035971467092,0.84325910711932,1.04268533463945,0.2975,0.0102223713002414,0.00583630843619409,0.0136895172706584
3,50,"18-month immunity, calves only",0.0025,0.0255,0.00111663557170636,0.00352489361541593,0,0.00114251945409555,0.00115418110431437,0.439868976447716,0.391173195529853,2000,0,0,0.658035671334389,0.000747984331299889,0.656863784316653,0.000520966148484398,0.262946196995254,0.000963073773070166,0.327818379315761,0.33524642035341,0.545709681874468,0.558612785396286,0.331542353082875,0.404483540013098,0.552195664669628,0.0025,0.00111663557170636,0.00742804103764894,0.012903103521818
3,50,"18-month immunity, six-monthly whole-herd booster",0.309,0.992,0.0103324488868806,0.0019919839356782,0,0.000964742270929946,0.000461333770449697,0.237858280087166,0.099323164267824,2000,0,0,0.658035671334389,0.000747984331299889,0.656863784316653,0.000520966148484398,0.262946196995254,0.000963073773070166,0.635518600254126,0.641529586790595,1.05646644390257,1.0704278968493,0.638532847915634,0.848791839892419,1.06349932999367,0.309,0.0103324488868806,0.00601098653646892,0.0139614529467251
3,50,"Lifelong immunity, calves only (paper assumption)",0.2505,0.9925,0.00968890473686268,0.00192921616207204,0,0.000963073773070166,0.000458951832699372,0.262946196995254,0.109822402017997,2000,0,0,0.658035671334389,0.000747984331299889,0.656863784316653,0.000520966148484398,0.262946196995254,0.000963073773070166,0.597389632309881,0.60340744969086,0.993180827881328,1.00686066305691,0.60040738146909,0.832807950993603,1,0.2505,0.00968890473686268,0.00601781738097895,0.0136798351755798
3,100,"18-month immunity, annual whole-herd booster",0.0685,0.988,0.00564835152942874,0.00243474844696531,0,0.00067584620230105,0.00032649690057127,0.250893565118658,0.105248591787645,2000,0,0,0.662146429749549,0.000517191625339812,0.662005998766077,0.000364870781469972,0.264502694575238,0.00067241791941635,0.618987793735958,0.62314634093539,1.02943172416121,1.03903809523218,0.621090511333638,0.841015652450553,1.03422442818221,0.0685,0.00564835152942874,0.00415854719943221,0.00960637107097129
3,100,"18-month immunity, calves only",0,0,0,0,0,0.000767299502614664,0.000619735934240063,0.447819179049383,0.405128663263607,2000,0,0,0.662146429749549,0.000517191625339812,0.662005998766077,0.000364870781469972,0.264502694575238,0.00067241791941635,0.321194220125463,0.326176676405628,0.534626230820171,0.543310817302369,0.323685579307938,0.388028712702403,0.538993153271265,0,0,0.00498245628016564,0.00868458648219761
3,100,"18-month immunity, six-monthly whole-herd booster",0.095,0.9875,0.0065564853389602,0.00248432586429397,0,0.000668777366704721,0.000316395549393202,0.240455844872331,0.100392127686966,2000,0,0,0.662146429749549,0.000517191625339812,0.662005998766077,0.000364870781469972,0.264502694575238,0.00067241791941635,0.634746876602158,0.638950880018552,1.05568036451123,1.06528002416455,0.636853973579105,0.848351634465415,1.06047335233979,0.095,0.0065564853389602,0.00420400341639426,0.00959965965331744
3,100,"Lifelong immunity, calves only (paper assumption)",0.05,0.9865,0.00487339717240448,0.00258047960658479,0,0.00067241791941635,0.000321992283318645,0.264502694575238,0.110820567118335,2000,0,0,0.662146429749549,0.000517191625339812,0.662005998766077,0.000364870781469972,0.264502694575238,0.00067241791941635,0.5984728955595,0.602601245674817,0.995357245058904,1.00466635759606,0.600537460157742,0.83259884755592,1,0.05,0.00487339717240448,0.00412835011531709,0.0093091125371545
3,200,"18-month immunity, annual whole-herd booster",0.0055,0.977,0.00165374574829385,0.00335193973692846,0,0.000483520285988568,0.000233489190908361,0.2491284531523,0.104309612073201,2000,0,0,0.664780496011192,0.000356312208431065,0.664201250873977,0.000234645887300924,0.265348941632797,0.00048065880190638,0.623779395138,0.626722289782213,1.03724736705727,1.04401086616833,0.625247048240559,0.842954809350408,1.04060893112398,0.0055,0.00165374574829385,0.00294289464421249,0.00676349911105878
3,200,"18-month immunity, calves only",0,0,0,0,0,0.000513886962609361,0.000413198602061048,0.45090156875888,0.411022385976856,2000,0,0,0.664780496011192,0.000356312208431065,0.664201250873977,0.000234645887300924,0.265348941632797,0.00048065880190638,0.320085007380671,0.323404580681509,0.532543509715133,0.538437413683496,0.321728643568254,0.381177940517246,0.535458265397072,0,0,0.00331957330083799,0.00589390396836331
3,200,"18-month immunity, six-monthly whole-herd booster",0.008,0.9765,0.0019919839356782,0.0033873108803297,0,0.000473578245178014,0.000223556040881267,0.240056970612636,0.10015949777673,2000,0,0,0.664780496011192,0.000356312208431065,0.664201250873977,0.000234645887300924,0.265348941632797,0.00048065880190638,0.637431555847596,0.640333751233785,1.05983134039893,1.06672752679955,0.638892879600074,0.849203087701299,1.06331991236777,0.008,0.0019919839356782,0.00290219538618919,0.00689618640062317
3,200,"Lifelong immunity, calves only (paper assumption)",0.005,0.963,0.00157718102955875,0.00422084114839685,0,0.00048065880190638,0.000233053796601691,0.265348941632797,0.111234661455009,2000,0,0,0.664780496011192,0.000356312208431065,0.664201250873977,0.000234645887300924,0.265348941632797,0.00048065880190638,0.599366759180407,0.602326640825115,0.996664760303164,1.00329491998522,0.600847282336138,0.832528678154937,1,0.005,0.00157718102955875,0.00295988164470784,0.00663015968205116
5,5,"18-month immunity, annual whole-herd booster",0.8585,0.9995,0.00779351493230108,0.000499874984371065,0.1175,0.00345965799657741,0.00161875467853763,0.308674184300654,0.128899928536748,2000,0.3475,0.0106476229741666,0.67033043862551,0.00490209941534223,0.530654010967577,0.00632615651264286,0.313436627203586,0.00354491632638006,0.527303891639009,0.551288029516913,0.98629285865417,1.04090182106421,0.539519367591929,0.757092331589624,1.01334414537466,0.511,0.0131951032584061,0.0239841378779041,0.0546089624100384
5,5,"18-month immunity, calves only",0.634,0.9515,0.0107713508902087,0.00480352734977121,0.1105,0.00465139244486156,0.00391184257735731,0.428324206063026,0.23490473014604,2000,0.3475,0.0106476229741666,0.67033043862551,0.00490209941534223,0.530654010967577,0.00632615651264286,0.313436627203586,0.00354491632638006,0.34466812165321,0.37702760659515,0.64839149746815,0.707559503479151,0.361025277412003,0.557329775539201,0.678090302542068,0.2865,0.0151457543555942,0.0323594849419398,0.0591680060110008
5,5,"18-month immunity, six-monthly whole-herd booster",0.848,0.999,0.00802795117075335,0.000706753139363385,0.0965,0.00345517922488974,0.00165150138076407,0.30403463069289,0.127017260986428,2000,0.3475,0.0106476229741666,0.67033043862551,0.00490209941534223,0.530654010967577,0.00632615651264286,0.313436627203586,0.00354491632638006,0.534278764349005,0.558375187454326,0.999210668889328,1.0543676223338,0.546440660942829,0.760640156559206,1.02634396061181,0.5005,0.0133349118857231,0.0240964231053207,0.0551569534444729
5,5,"Lifelong immunity, calves only (paper assumption)",0.8535,0.9995,0.0079068878201224,0.000499874984371065,0.13,0.00354491632638006,0.00170119099570611,0.313436627203586,0.131453347876627,2000,0.3475,0.0106476229741666,0.67033043862551,0.00490209941534223,0.530654010967577,0.00632615651264286,0.313436627203586,0.00354491632638006,0.519908731946883,0.544846324934292,0.972521495712698,1.02773234452563,0.532414747797702,0.752280496972142,1,0.506,0.0132623810079488,0.0249375929874093,0.0552108488129325
5,10,"18-month immunity, annual whole-herd booster",0.654,0.9955,0.0106368228339105,0.00149662119455792,0.0015,0.00245826119471857,0.00127321242897744,0.327622539280629,0.140994987097502,2000,0.0335,0.00402354010791492,0.764196512527028,0.00199894067981909,0.73671179082071,0.00290495651827083,0.330557383618986,0.00242017981951241,0.564596655955562,0.577944916259279,0.991424289743495,1.02258948965761,0.571284958894599,0.808615813057056,1.00676794168863,0.6205,0.0113723733231019,0.0133482603037176,0.0311651999141105
5,10,"18-month immunity, calves only",0.2425,0.6075,0.00958367753005077,0.0109188770026958,0.002,0.0029799503211638,0.00394339521367906,0.513330564328788,0.372284491058563,2000,0.0335,0.00402354010791492,0.764196512527028,0.00199894067981909,0.73671179082071,0.00290495651827083,0.330557383618986,0.00242017981951241,0.319839950717988,0.336606541198681,0.563317671777917,0.593823354403224,0.328274133794045,0.494667391377255,0.578513172531162,0.209,0.0103940247257739,0.0167665904806928,0.0305056826253075
5,10,"18-month immunity, six-monthly whole-herd booster",0.704,0.9955,0.0102074482609514,0.00149662119455792,0.002,0.00244535712749464,0.0012334652275395,0.314239207522174,0.133945861788035,2000,0.0335,0.00402354010791492,0.764196512527028,0.00199894067981909,0.73671179082071,0.00290495651827083,0.330557383618986,0.00242017981951241,0.582085793677466,0.595310296355884,1.02191464035243,1.05356228810347,0.588797904241862,0.818184175335626,1.03763077409067,0.6705,0.0109718218633006,0.0132245026784186,0.0316476477510432
5,10,"Lifelong immunity, calves only (paper assumption)",0.6605,0.9945,0.0105886672910239,0.00165374574829385,5e-04,0.00242017981951241,0.00122814540749128,0.330557383618986,0.14116400190599,2000,0.0335,0.00402354010791492,0.764196512527028,0.00199894067981909,0.73671179082071,0.00290495651827083,0.330557383618986,0.00242017981951241,0.560831424744556,0.574049908760465,0.984781455664823,1.01571467008838,0.567444527421479,0.808386395243205,1,0.627,0.0113273452317831,0.0132184840159095,0.0309332144235528
5,20,"18-month immunity, annual whole-herd booster",0.39,0.9925,0.0109064201276129,0.00192921616207204,0,0.00173645134941395,0.000948495473790724,0.341012345624449,0.147918305283086,2000,5e-04,0.000499874984371093,0.78777963924009,0.000743739057338236,0.786006848652441,0.000600432178046791,0.345387936242165,0.00171561495960837,0.562802873482853,0.571530536310472,0.999030299290708,1.02068307510316,0.56712216381551,0.811810411656485,1.00989076103386,0.3895,0.0109178695266064,0.00872766282761939,0.0216527758124545
5,20,"18-month immunity, calves only",0.028,0.109,0.00368890227574546,0.00696846468025777,0,0.00163818798771683,0.00214132914269767,0.558678348822761,0.507963153424045,2000,5e-04,0.000499874984371093,0.78777963924009,0.000743739057338236,0.786006848652441,0.000600432178046791,0.345387936242165,0.00171561495960837,0.286471868365248,0.295141789841444,0.509496069312253,0.52632658834417,0.290819004459579,0.353742077063431,0.517869772115514,0.0275,0.00372261668722419,0.00866992147619661,0.0168305190319171
5,20,"18-month immunity, six-monthly whole-herd booster",0.4405,0.988,0.0111008952341692,0.00243474844696531,0,0.00174779292983656,0.000947683141290334,0.330206067797778,0.142654444346996,2000,5e-04,0.000499874984371093,0.78777963924009,0.000743739057338236,0.786006848652441,0.000600432178046791,0.345387936242165,0.00171561495960837,0.576359454333619,0.585196395349541,1.02331122491471,1.04526177654685,0.580839550364233,0.818507377395543,1.03431770609961,0.44,0.0111121442575229,0.00883694101592181,0.0219505516321437
5,20,"Lifelong immunity, calves only (paper assumption)",0.4075,0.992,0.0109873506815792,0.0019919839356782,0,0.00171561495960837,0.00092582742751229,0.345387936242165,0.148643398408929,2000,5e-04,0.000499874984371093,0.78777963924009,0.000743739057338236,0.786006848652441,0.000600432178046791,0.345387936242165,0.00171561495960837,0.557255077213931,0.565956913020287,0.989349625481979,1.01094292282454,0.561567830598752,0.8108879093563,1,0.407,0.0109987158341326,0.00870183580635653,0.0215932973425565
5,50,"18-month immunity, annual whole-herd booster",0.0835,0.958,0.00618578006398546,0.00448530935387962,0,0.00110581378140517,0.000637063648800674,0.347175380188688,0.152404734658054,2000,0,0,0.794868926280514,0.000422811349513341,0.795211250885103,0.000274493609095513,0.353268543936381,0.00110885998909563,0.56043308290877,0.565972903767684,1.00685956038882,1.02083810064493,0.563229397061413,0.808346858160745,1.01379791320684,0.0835,0.00618578006398546,0.0055398208589138,0.0139785402561179
5,50,"18-month immunity, calves only",0,5e-04,0,0.000499874984371093,0,0.000804120686451359,0.000576468783170331,0.578709285920434,0.551197580572254,2000,0,0,0.794868926280514,0.000422811349513341,0.795211250885103,0.000274493609095513,0.353268543936381,0.00110885998909563,0.269801014516117,0.274056602825443,0.485083358549217,0.493911563794265,0.271943754766677,0.306853895793416,0.489491515411845,0,0,0.00425558830932565,0.00882820524504802
5,50,"18-month immunity, six-monthly whole-herd booster",0.1005,0.9575,0.00672308522926788,0.00451075104611194,0,0.00113141416556737,0.000641203962216629,0.337522738297402,0.147758509630585,2000,0,0,0.794868926280514,0.000422811349513341,0.795211250885103,0.000274493609095513,0.353268543936381,0.00110885998909563,0.572515535720598,0.5781741247542,1.0284721180618,1.04279187167381,0.575373087136774,0.814189613808754,1.03565623189771,0.1005,0.00672308522926788,0.00565858903360228,0.0143197536120092
5,50,"Lifelong immunity, calves only (paper assumption)",0.0895,0.956,0.00638317123379907,0.00458606585212206,0,0.00110885998909563,0.000647457225138466,0.353268543936381,0.15520322768028,2000,0,0,0.794868926280514,0.000422811349513341,0.795211250885103,0.000274493609095513,0.353268543936381,0.00110885998909563,0.552800905282843,0.558354098664511,0.992976410543469,1.00692498230905,0.555563776295224,0.804827676284091,1,0.0895,0.00638317123379907,0.0055531933816686,0.0139485717655855
5,100,"18-month immunity, annual whole-herd booster",0.007,0.903,0.00186426929385215,0.00661781686056663,0,0.000797208931968872,0.000466631875415525,0.349992535030221,0.154943046703665,2000,0,0,0.797257967401199,0.000294378151316652,0.797426421309144,0.000190956575742053,0.354971343876535,0.00077606098076308,0.559052169747354,0.562967474782252,1.00628313024837,1.01617055944464,0.561004656784952,0.805696121217939,1.01125697360376,0.007,0.00186426929385215,0.00391530503489745,0.00988742919627184
5,100,"18-month immunity, calves only",0,0,0,0,0,0.000536989406328946,0.000376968923103405,0.583188440844005,0.556540659067555,2000,0,0,0.797257967401199,0.000294378151316652,0.797426421309144,0.000190956575742053,0.354971343876535,0.00077606098076308,0.26708265285483,0.269940767592659,0.48101774449109,0.487020314513547,0.268507227660566,0.302078982843488,0.484006332480133,0,0,0.00285811473782893,0.0060025700224573
5,100,"18-month immunity, six-monthly whole-herd booster",0.008,0.902,0.0019919839356782,0.00664815763952691,0,0.000795663548299442,0.00046245538714742,0.341719790647905,0.150460496151492,2000,0,0,0.797257967401199,0.000294378151316652,0.797426421309144,0.000190956575742053,0.354971343876535,0.00077606098076308,0.569372935311549,0.573385710311715,1.02498444012678,1.0349975973708,0.571381153126886,0.811317392889391,1.0299614605638,0.008,0.0019919839356782,0.00401277500016595,0.0100131572440281
5,100,"Lifelong immunity, calves only (paper assumption)",0.0065,0.913,0.00179690706493129,0.0063020234845643,0,0.00077606098076308,0.000448453163744797,0.354971343876535,0.155982064579833,2000,0,0,0.797257967401199,0.000294378151316652,0.797426421309144,0.000190956575742053,0.354971343876535,0.00077606098076308,0.552838823341299,0.556670342468188,0.995189866279656,1.00480543379436,0.554759741023817,0.804393157272421,1,0.0065,0.00179690706493129,0.00383151912688906,0.00961556751469994
5,200,"18-month immunity, annual whole-herd booster",0,0.8035,0,0.0088850365784278,0,0.000553956980673256,0.000332632446379404,0.350104586034102,0.155202183269201,2000,0,0,0.799268225632127,0.000196339610716274,0.798951287629724,0.000133313644729745,0.356127639604546,0.000538622686048498,0.560596420768227,0.563345609753847,1.01013644071442,1.01697996939023,0.56196859226174,0.805742620767726,1.0135917443817,0,0,0.00274918898562004,0.0068435286758115
5,200,"18-month immunity, calves only",0,0,0,0,0,0.000381044668492848,0.000264792612747991,0.584005165377239,0.558573854182165,2000,0,0,0.799268225632127,0.000196339610716274,0.798951287629724,0.000133313644729745,0.356127639604546,0.000538622686048498,0.268334913679824,0.270335657330063,0.483684707954334,0.487855187175475,0.269325181899532,0.300866194434326,0.485766971119839,0,0,0.00200074365023922,0.00417047922114039
5,200,"18-month immunity, six-monthly whole-herd booster",0,0.8255,0,0.00848674702109118,0,0.000563366366494831,0.000328819417018072,0.341645345338654,0.15069803804601,2000,0,0,0.799268225632127,0.000196339610716274,0.798951287629724,0.000133313644729745,0.356127639604546,0.000538622686048498,0.57116846001842,0.573952231998214,1.02923341557586,1.03623556662597,0.572552324260792,0.811380192535779,1.03268103785238,0,0,0.00278377197979396,0.00700215105011082
5,200,"Lifelong immunity, calves only (paper assumption)",0,0.8155,0,0.00867351572316555,0,0.000538622686048498,0.00031777347530809,0.356127639604546,0.157066185687227,2000,0,0,0.799268225632127,0.000196339610716274,0.798951287629724,0.000133313644729745,0.356127639604546,0.000538622686048498,0.553098255205697,0.555776138520774,0.996656218885584,1.00333015728784,0.554432882249397,0.803409559357241,1,0,0,0.00267788331507712,0.00667393840225305
8,5,"18-month immunity, annual whole-herd booster",0.773,0.9965,0.00936672301287916,0.00132055859392909,0.121,0.00402281639617357,0.00226289417544671,0.383407451559647,0.16870759622961,2000,0.2565,0.00976493087533138,0.785704233948535,0.00421729541020842,0.699252956518807,0.00596774611951892,0.391677342794942,0.00393411509870922,0.500711046172576,0.523142103176726,0.993165242257742,1.04937966683877,0.512020637036861,0.758731665476952,1.02098813918787,0.5165,0.0135310522502871,0.0224310570041503,0.0562144245810284
8,5,"18-month immunity, calves only",0.544,0.899,0.0111369654753887,0.00673791510780597,0.1015,0.00486117109070277,0.00480475619953381,0.521252875821745,0.31649978873979,2000,0.2565,0.00976493087533138,0.785704233948535,0.00421729541020842,0.699252956518807,0.00596774611951892,0.391677342794942,0.00393411509870922,0.322471725489276,0.350592379647741,0.643182123050076,0.699720529070526,0.336578761702475,0.547374400366547,0.67115053328608,0.2875,0.0148116803570696,0.028120654158465,0.0565384060204506
8,5,"18-month immunity, six-monthly whole-herd booster",0.7945,0.996,0.00903520198999447,0.00141138230115019,0.1025,0.0039795605418545,0.0021216616817075,0.366980207294478,0.159943394433248,2000,0.2565,0.00976493087533138,0.785704233948535,0.00421729541020842,0.699252956518807,0.00596774611951892,0.391677342794942,0.00393411509870922,0.521869858882081,0.54394985772323,1.03420925076336,1.09155943140779,0.532928306303978,0.771265329746309,1.062678807094,0.538,0.0133037118880409,0.0220799988411486,0.0573501806444294
8,5,"Lifelong immunity, calves only (paper assumption)",0.7495,0.997,0.00968890473686267,0.00122290637417588,0.1055,0.00393411509870922,0.00217588068960893,0.391677342794942,0.17360424659174,2000,0.2565,0.00976493087533138,0.785704233948535,0.00421729541020842,0.699252956518807,0.00596774611951892,0.391677342794942,0.00393411509870922,0.490266003962336,0.512624877584618,0.97290375373461,1.02754836856792,0.501495186265475,0.751728977370336,1,0.493,0.0137560441261287,0.022358873622282,0.0546446148333127
8,10,"18-month immunity, annual whole-herd booster",0.485,0.97,0.0111753076020305,0.00381444622455213,5e-04,0.0027483960500714,0.00180655651034299,0.426846537762971,0.197461917567759,2000,0.01,0.0022248595461287,0.855949314190073,0.00100996728259666,0.846140843719873,0.00170235745614396,0.423134904991783,0.00275123029387753,0.49486672693848,0.507634916747193,0.974022737728569,1.00909360433137,0.501317974456389,0.766632329554426,0.99142442420514,0.475,0.0113946259262865,0.0127681898087129,0.0350708666028056
8,10,"18-month immunity, calves only",0.1455,0.4015,0.00788447049585449,0.0109612442268202,0.0025,0.00273718542481924,0.00414329257641128,0.616270277260833,0.506689522392847,2000,0.01,0.0022248595461287,0.855949314190073,0.00100996728259666,0.846140843719873,0.00170235745614396,0.423134904991783,0.00275123029387753,0.27363268130244,0.286503565761926,0.539723134427484,0.568333673394359,0.280015455303019,0.401175908061243,0.553768617299969,0.1355,0.00819236687410909,0.0128708844594863,0.0286105389668749
8,10,"18-month immunity, six-monthly whole-herd booster",0.514,0.9765,0.0111759563349183,0.0033873108803297,0.003,0.0027267694413913,0.00170279703433195,0.415996044071531,0.189121307956112,2000,0.01,0.0022248595461287,0.855949314190073,0.00100996728259666,0.846140843719873,0.00170235745614396,0.423134904991783,0.00275123029387753,0.507676665112594,0.520396646917436,0.999241629355868,1.03443385195136,0.513994535453118,0.776489565112255,1.01649404633611,0.504,0.0113952621733771,0.0127199818048417,0.0351922225954915
8,10,"Lifelong immunity, calves only (paper assumption)",0.51,0.9735,0.0111781035958699,0.00359150038284837,0.0035,0.00275123029387753,0.00179660856912306,0.423134904991783,0.194176001602847,2000,0.01,0.0022248595461287,0.855949314190073,0.00100996728259666,0.846140843719873,0.00170235745614396,0.423134904991783,0.00275123029387753,0.499231623859127,0.512054142044519,0.9824761800495,1.0176997899252,0.505654250810205,0.770515744460231,1,0.5,0.0113973681172453,0.012822518185392,0.0352236098757039
8,20,"18-month immunity, annual whole-herd booster",0.2095,0.894,0.00909971840223641,0.00688345843308435,0,0.00193108140520787,0.0014787625065598,0.438944855825339,0.212515844907441,2000,0,0,0.868122137972556,0.000435256829165917,0.866810953719587,0.000292787550763025,0.440006667033434,0.00188648637272534,0.489929636100292,0.498655700135988,0.990108685923937,1.01469812850616,0.49437430906846,0.75483022682684,1.00248019817122,0.2095,0.00909971840223641,0.00872606403569581,0.0245894425822223
8,20,"18-month immunity, calves only",0.005,0.019,0.00157718102955875,0.00305278561317365,0,0.00119461040613549,0.00127402683159188,0.659456363697909,0.629893440003125,2000,0,0,0.868122137972556,0.000435256829165917,0.866810953719587,0.000292787550763025,0.440006667033434,0.00188648637272534,0.237594175037243,0.243186037081123,0.480586679905154,0.49441497157553,0.24036453529681,0.273320858140776,0.487405357757601,0.005,0.00157718102955875,0.00559186204387932,0.0138282916703762
8,20,"18-month immunity, six-monthly whole-herd booster",0.2175,0.918,0.00922479674572833,0.00613498166256428,0,0.00193277907974942,0.00143566131350577,0.434695486662566,0.207108181784895,2000,0,0,0.868122137972556,0.000435256829165917,0.866810953719587,0.000292787550763025,0.440006667033434,0.00188648637272534,0.494937433330153,0.503593127133459,1.00000640681687,1.02500679045332,0.499269206890899,0.761068799492935,1.01240595290616,0.2175,0.00922479674572833,0.00865569380330594,0.0250003836364512
8,20,"Lifelong immunity, calves only (paper assumption)",0.2025,0.915,0.00898592649647214,0.00623598428477814,0,0.00188648637272534,0.00141032572293757,0.440006667033434,0.209637674167152,2000,0,0,0.868122137972556,0.000435256829165917,0.866810953719587,0.000292787550763025,0.440006667033434,0.00188648637272534,0.488854658168223,0.497469159652515,0.987696899784905,1.01238366850615,0.49315119637308,0.758150640266402,1,0.2025,0.00898592649647214,0.0086145014842911,0.0246867687212412
8,50,"18-month immunity, annual whole-herd booster",0.0145,0.66,0.00267298989897081,0.0105924501414923,0,0.00122504793524738,0.00105933531139284,0.453995789037845,0.230728261246297,2000,0,0,0.872389925236411,0.00025368753541164,0.872338647074692,0.000168697564498971,0.454591698486098,0.00119393075913169,0.476785655980159,0.482356696293876,0.993435637509618,1.00948407989292,0.479595332425674,0.735506088122975,1.00142630918491,0.0145,0.00267298989897081,0.00557104031371741,0.0160484423833029
8,50,"18-month immunity, calves only",0,0,0,0,0,0.000593740050992752,0.000402552470227848,0.671023402038414,0.648958514548111,2000,0,0,0.872389925236411,0.00025368753541164,0.872338647074692,0.000168697564498971,0.454591698486098,0.00119393075913169,0.229432603005186,0.232228987021081,0.478086436083418,0.485905021882684,0.23082169723983,0.256070430073993,0.481970746415681,0,0,0.00279638401589452,0.00781858579926581
8,50,"18-month immunity, six-monthly whole-herd booster",0.0145,0.7085,0.00267298989897081,0.010161883437631,0,0.00121919611441324,0.00102113121099637,0.447590680468821,0.224132357707013,2000,0,0,0.872389925236411,0.00025368753541164,0.872338647074692,0.000168697564498971,0.454591698486098,0.00119393075913169,0.484215965636815,0.489708449091159,1.00869613658823,1.02491086243627,0.486937357343361,0.743067261253848,1.01675693569054,0.0145,0.00267298989897081,0.00549248345434328,0.0162147258480401
8,50,"Lifelong immunity, calves only (paper assumption)",0.017,0.709,0.00289058817544112,0.0101567465263243,0,0.00119393075913169,0.000993433095590542,0.454591698486098,0.226986332420312,2000,0,0,0.872389925236411,0.00025368753541164,0.872338647074692,0.000168697564498971,0.454591698486098,0.00119393075913169,0.476221401937753,0.481599600445071,0.992019154008055,1.007935593795,0.478912255476923,0.73979562503451,1,0.017,0.00289058817544112,0.00537819850731774,0.0159164397869499
8,100,"18-month immunity, annual whole-herd booster",0,0.408,0,0.0109894494857568,0,0.000843326834100564,0.00075561140934027,0.45791024741711,0.236950789419894,2000,0,0,0.873936232906643,0.000170373865661312,0.873768406435938,0.000113771162294121,0.458746979696812,0.000829966729942831,0.474130294943618,0.477955916261191,0.996449167894449,1.00764164821736,0.476037003415985,0.728817398666993,1.00201530331827,0,0,0.00382562131757386,0.0111924803229079
8,100,"18-month immunity, calves only",0,0,0,0,0,0.000409703630363404,0.000279393452092072,0.67373864309133,0.652838569534,2000,0,0,0.873936232906643,0.000170373865661312,0.873768406435938,0.000113771162294121,0.458746979696812,0.000829966729942831,0.22812245934525,0.230046099542162,0.479418073860455,0.484922842545583,0.229075740628663,0.252847133490556,0.482183939655431,0,0,0.0019236401969113,0.00550476868512773
8,100,"18-month immunity, six-monthly whole-herd booster",0,0.4495,0,0.0111231683885483,0,0.00086650140559584,0.000752700105779855,0.451847413558631,0.229056674544878,2000,0,0,0.873936232906643,0.000170373865661312,0.873768406435938,0.000113771162294121,0.458746979696812,0.000829966729942831,0.481036194836332,0.484923854152226,1.01093283726485,1.02237876052953,0.482974390413105,0.737851960705252,1.01661788229064,0,0,0.00388765931589447,0.0114459232646875
8,100,"Lifelong immunity, calves only (paper assumption)",5e-04,0.433,0.000499874984371093,0.0110795081118252,0,0.000829966729942831,0.000727556894458856,0.458746979696812,0.232860868067331,2000,0,0,0.873936232906643,0.000170373865661312,0.873768406435938,0.000113771162294121,0.458746979696812,0.000829966729942831,0.473232618964775,0.476962885448402,0.994421942460215,1.00559919795102,0.475079573974115,0.733498182868433,1,5e-04,0.000499874984371093,0.00373026648362634,0.0111772554908017
8,200,"18-month immunity, annual whole-herd booster",0,0.1395,0,0.00774724951192357,0,0.00060268657025077,0.000569299009917093,0.46104276706435,0.24170800323552,2000,0,0,0.874168498253224,0.000122997014712887,0.874269157645978,7.84334640519079e-05,0.458758139875627,0.000586146446576929,0.471224945843227,0.4739673372231,0.990557901269586,0.998478137411099,0.472592791909555,0.723531362027761,0.994500312419638,0,0,0.00274239137987381,0.00792023614151371
8,200,"18-month immunity, calves only",0,0,0,0,0,0.000280222404724467,0.0001913597547171,0.674482323830824,0.65419448195423,2000,0,0,0.874168498253224,0.000122997014712887,0.874269157645978,7.84334640519079e-05,0.458758139875627,0.000586146446576929,0.227763343328254,0.229096251609446,0.478757569641457,0.482614346611509,0.228429844842746,0.251724167285407,0.480696184857506,0,0,0.00133290828119129,0.00385677697005127
8,200,"18-month immunity, six-monthly whole-herd booster",0,0.1735,0,0.00846751882194542,0,0.000600292918612248,0.000534852190513306,0.452851610348892,0.233608266970595,2000,0,0,0.874168498253224,0.000122997014712887,0.874269157645978,7.84334640519079e-05,0.458758139875627,0.000586146446576929,0.480605507335602,0.483304445822766,1.01022777131151,1.01816182986749,0.481963018281045,0.73279594169878,1.01421854175665,0,0,0.0026989384871644,0.0079340585559724
8,200,"Lifelong immunity, calves only (paper assumption)",0,0.1625,0,0.00824905297594821,0,0.000586146446576929,0.000535099900262141,0.458758139875627,0.236373816896775,2000,0,0,0.874168498253224,0.000122997014712887,0.874269157645978,7.84334640519079e-05,0.458758139875627,0.000586146446576929,0.473881273533733,0.476535554948566,0.996053311780197,1.00393877074699,0.475206277974642,0.729632671094991,1,0,0,0.00265428141483309,0.0078854589667906
