"parameter","value","herd","R0","T_elim","R_v"
"direct",0,"R0 25th pct (2.0)",1.99157647802648,53.7254743685626,0.517809884286885
"direct",0,"R0 median (2.8)",2.80808526201542,84.1865775742908,0.730102168124009
"direct",0,"R0 75th pct (4.1)",4.12642819800479,Inf,1.07287133148125
"direct",0,"R0 90th pct (9.1)",9.1455004281937,Inf,2.37783011133036
"direct",0.025,"R0 25th pct (2.0)",1.99157647802648,52.6304634452344,0.504864637179713
"direct",0.025,"R0 median (2.8)",2.80808526201542,80.11833114562,0.711849613920909
"direct",0.025,"R0 75th pct (4.1)",4.12642819800479,Inf,1.04604954819421
"direct",0.025,"R0 90th pct (9.1)",9.1455004281937,Inf,2.3183843585471
"direct",0.05,"R0 25th pct (2.0)",1.99157647802648,51.5825194191834,0.491919390072541
"direct",0.05,"R0 median (2.8)",2.80808526201542,76.477044794478,0.693597059717809
"direct",0.05,"R0 75th pct (4.1)",4.12642819800479,Inf,1.01922776490718
"direct",0.05,"R0 90th pct (9.1)",9.1455004281937,Inf,2.25893860576384
"direct",0.075,"R0 25th pct (2.0)",1.99157647802648,50.5782174707495,0.478974142965368
"direct",0.075,"R0 median (2.8)",2.80808526201542,73.1958906121522,0.675344505514709
"direct",0.075,"R0 75th pct (4.1)",4.12642819800479,Inf,0.992405981620152
"direct",0.075,"R0 90th pct (9.1)",9.1455004281937,Inf,2.19949285298059
"direct",0.1,"R0 25th pct (2.0)",1.99157647802648,49.6144236914558,0.466028895858196
"direct",0.1,"R0 median (2.8)",2.80808526201542,70.2214467864383,0.657091951311608
"direct",0.1,"R0 75th pct (4.1)",4.12642819800479,Inf,0.965584198333121
"direct",0.1,"R0 90th pct (9.1)",9.1455004281937,Inf,2.14004710019733
"direct",0.125,"R0 25th pct (2.0)",1.99157647802648,48.6882613780188,0.453083648751024
"direct",0.125,"R0 median (2.8)",2.80808526201542,67.5104710206817,0.638839397108508
"direct",0.125,"R0 75th pct (4.1)",4.12642819800479,Inf,0.93876241504609
"direct",0.125,"R0 90th pct (9.1)",9.1455004281937,Inf,2.08060134741407
"direct",0.15,"R0 25th pct (2.0)",1.99157647802648,47.7970772459184,0.440138401643852
"direct",0.15,"R0 median (2.8)",2.80808526201542,65.0275569457918,0.620586842905408
"direct",0.15,"R0 75th pct (4.1)",4.12642819800479,195.740094586605,0.911940631759059
"direct",0.15,"R0 90th pct (9.1)",9.1455004281937,Inf,2.02115559463081
"direct",0.175,"R0 25th pct (2.0)",1.99157647802648,46.9384167002869,0.42719315453668
"direct",0.175,"R0 median (2.8)",2.80808526201542,62.7434104402083,0.602334288702308
"direct",0.175,"R0 75th pct (4.1)",4.12642819800479,160.443145644568,0.885118848472027
"direct",0.175,"R0 90th pct (9.1)",9.1455004281937,Inf,1.96170984184755
"direct",0.2,"R0 25th pct (2.0)",1.99157647802648,46.1100014711836,0.414247907429508
"direct",0.2,"R0 median (2.8)",2.80808526201542,60.6335665566005,0.584081734499207
"direct",0.2,"R0 75th pct (4.1)",4.12642819800479,137.039076786359,0.858297065184996
"direct",0.2,"R0 90th pct (9.1)",9.1455004281937,Inf,1.90226408906429
"direct",0.225,"R0 25th pct (2.0)",1.99157647802648,45.3097106172714,0.401302660322336
"direct",0.225,"R0 median (2.8)",2.80808526201542,58.6774055042176,0.565829180296107
"direct",0.225,"R0 75th pct (4.1)",4.12642819800479,120.264423969676,0.831475281897965
"direct",0.225,"R0 90th pct (9.1)",9.1455004281937,Inf,1.84281833628103
"direct",0.25,"R0 25th pct (2.0)",1.99157647802648,44.5355540816209,0.388357413215164
"direct",0.25,"R0 median (2.8)",2.80808526201542,56.8574098143213,0.547576626093007
"direct",0.25,"R0 75th pct (4.1)",4.12642819800479,107.587535685124,0.804653498610934
"direct",0.25,"R0 90th pct (9.1)",9.1455004281937,Inf,1.78337258349777
"direct",0.275,"R0 25th pct (2.0)",1.99157647802648,43.7856615966991,0.375412166107991
"direct",0.275,"R0 median (2.8)",2.80808526201542,55.1585754650268,0.529324071889907
"direct",0.275,"R0 75th pct (4.1)",4.12642819800479,97.63171411576,0.777831715323903
"direct",0.275,"R0 90th pct (9.1)",9.1455004281937,Inf,1.72392683071451
"direct",0.3,"R0 25th pct (2.0)",1.99157647802648,43.0582682538423,0.362466919000819
"direct",0.3,"R0 median (2.8)",2.80808526201542,53.5679555007013,0.511071517686806
"direct",0.3,"R0 75th pct (4.1)",4.12642819800479,89.5806869103184,0.751009932036872
"direct",0.3,"R0 90th pct (9.1)",9.1455004281937,Inf,1.66448107793125
"direct",0.325,"R0 25th pct (2.0)",1.99157647802648,42.3517012873029,0.349521671893647
"direct",0.325,"R0 median (2.8)",2.80808526201542,52.074295175504,0.492818963483706
"direct",0.325,"R0 75th pct (4.1)",4.12642819800479,82.9182160130222,0.724188148749841
"direct",0.325,"R0 90th pct (9.1)",9.1455004281937,Inf,1.605035325148
"direct",0.35,"R0 25th pct (2.0)",1.99157647802648,41.6643677940821,0.336576424786475
"direct",0.35,"R0 median (2.8)",2.80808526201542,50.6677405038428,0.474566409280606
"direct",0.35,"R0 75th pct (4.1)",4.12642819800479,77.3010422497383,0.69736636546281
"direct",0.35,"R0 90th pct (9.1)",9.1455004281937,Inf,1.54558957236474
"direct",0.375,"R0 25th pct (2.0)",1.99157647802648,40.9947430328751,0.323631177679303
"direct",0.375,"R0 median (2.8)",2.80808526201542,49.3396023787307,0.456313855077506
"direct",0.375,"R0 75th pct (4.1)",4.12642819800479,72.4915831525092,0.670544582175778
"direct",0.375,"R0 90th pct (9.1)",9.1455004281937,Inf,1.48614381958148
"direct",0.4,"R0 25th pct (2.0)",1.99157647802648,40.3413216087987,0.310685930572131
"direct",0.4,"R0 median (2.8)",2.80808526201542,48.0821640137034,0.438061300874406
"direct",0.4,"R0 75th pct (4.1)",4.12642819800479,68.3198924775943,0.643722798888747
"direct",0.4,"R0 90th pct (9.1)",9.1455004281937,Inf,1.42669806679822
"direct",0.425,"R0 25th pct (2.0)",1.99157647802648,39.7027020778199,0.297740683464959
"direct",0.425,"R0 median (2.8)",2.80808526201542,46.8885212121466,0.419808746671305
"direct",0.425,"R0 75th pct (4.1)",4.12642819800479,64.6609876884217,0.616901015601716
"direct",0.425,"R0 90th pct (9.1)",9.1455004281937,Inf,1.36725231401496
"direct",0.45,"R0 25th pct (2.0)",1.99157647802648,39.0774590348408,0.284795436357787
"direct",0.45,"R0 median (2.8)",2.80808526201542,45.7524574036385,0.401556192468205
"direct",0.45,"R0 75th pct (4.1)",4.12642819800479,61.420748270184,0.590079232314685
"direct",0.45,"R0 90th pct (9.1)",9.1455004281937,Inf,1.3078065612317
"direct",0.475,"R0 25th pct (2.0)",1.99157647802648,38.4642244134312,0.271850189250614
"direct",0.475,"R0 median (2.8)",2.80808526201542,44.6683052840535,0.383303638265105
"direct",0.475,"R0 75th pct (4.1)",4.12642819800479,58.5267981210922,0.563257449027654
"direct",0.475,"R0 90th pct (9.1)",9.1455004281937,Inf,1.24836080844844
"direct",0.5,"R0 25th pct (2.0)",1.99157647802648,37.861597503765,0.258904942143442
"direct",0.5,"R0 median (2.8)",2.80808526201542,43.6308988414745,0.365051084062005
"direct",0.5,"R0 75th pct (4.1)",4.12642819800479,55.9224308213211,0.536435665740623
"direct",0.5,"R0 90th pct (9.1)",9.1455004281937,Inf,1.18891505566518
"direct",0.525,"R0 25th pct (2.0)",1.99157647802648,37.2682294042972,0.24595969503627
"direct",0.525,"R0 median (2.8)",2.80808526201542,42.635447257025,0.346798529858904
"direct",0.525,"R0 75th pct (4.1)",4.12642819800479,53.5624428402642,0.509613882453592
"direct",0.525,"R0 90th pct (9.1)",9.1455004281937,Inf,1.12946930288192
"direct",0.55,"R0 25th pct (2.0)",1.99157647802648,36.6826718578511,0.233014447929098
"direct",0.55,"R0 median (2.8)",2.80808526201542,41.6774796012091,0.328545975655804
"direct",0.55,"R0 75th pct (4.1)",4.12642819800479,51.4102140555845,0.48279209916656
"direct",0.55,"R0 90th pct (9.1)",9.1455004281937,Inf,1.07002355009866
"direct",0.575,"R0 25th pct (2.0)",1.99157647802648,36.1035112313227,0.220069200821926
"direct",0.575,"R0 median (2.8)",2.80808526201542,40.7527780784431,0.310293421452704
"direct",0.575,"R0 75th pct (4.1)",4.12642819800479,49.4356109008517,0.455970315879529
"direct",0.575,"R0 90th pct (9.1)",9.1455004281937,Inf,1.0105777973154
"direct",0.6,"R0 25th pct (2.0)",1.99157647802648,35.5292589196657,0.207123953714754
"direct",0.6,"R0 median (2.8)",2.80808526201542,39.8572722745635,0.292040867249604
"direct",0.6,"R0 75th pct (4.1)",4.12642819800479,47.6134498994788,0.429148532592498
"direct",0.6,"R0 90th pct (9.1)",9.1455004281937,Inf,0.951132044532145
"direct",0.625,"R0 25th pct (2.0)",1.99157647802648,34.9583087360238,0.194178706607582
"direct",0.625,"R0 median (2.8)",2.80808526201542,38.9870833176022,0.273788313046503
"direct",0.625,"R0 75th pct (4.1)",4.12642819800479,45.9223565281194,0.402326749305467
"direct",0.625,"R0 90th pct (9.1)",9.1455004281937,167.697874957984,0.891686291748886
"direct",0.65,"R0 25th pct (2.0)",1.99157647802648,34.3889871569253,0.18123345950041
"direct",0.65,"R0 median (2.8)",2.80808526201542,38.1382917512939,0.255535758843403
"direct",0.65,"R0 75th pct (4.1)",4.12642819800479,44.3438811605446,0.375504966018436
"direct",0.65,"R0 90th pct (9.1)",9.1455004281937,120.695081442456,0.832240538965627
"direct",0.675,"R0 25th pct (2.0)",1.99157647802648,33.8194955879675,0.168288212393238
"direct",0.675,"R0 median (2.8)",2.80808526201542,37.3070442601937,0.237283204640303
"direct",0.675,"R0 75th pct (4.1)",4.12642819800479,42.861816548161,0.348683182731405
"direct",0.675,"R0 90th pct (9.1)",9.1455004281937,96.0121576133382,0.772794786182368
"direct",0.7,"R0 25th pct (2.0)",1.99157647802648,33.247836949503,0.155342965286065
"direct",0.7,"R0 median (2.8)",2.80808526201542,36.4893283990923,0.219030650437203
"direct",0.7,"R0 75th pct (4.1)",4.12642819800479,41.461635519107,0.321861399444374
"direct",0.7,"R0 90th pct (9.1)",9.1455004281937,80.5581972820937,0.713349033399109
"direct",0.725,"R0 25th pct (2.0)",1.99157647802648,32.6717338497304,0.142397718178893
"direct",0.725,"R0 median (2.8)",2.80808526201542,35.6809075142144,0.200778096234102
"direct",0.725,"R0 75th pct (4.1)",4.12642819800479,40.1299786526269,0.295039616157342
"direct",0.725,"R0 90th pct (9.1)",9.1455004281937,69.8591546653002,0.65390328061585
"direct",0.75,"R0 25th pct (2.0)",1.99157647802648,32.0887216693715,0.129452471071721
"direct",0.75,"R0 median (2.8)",2.80808526201542,34.8772709031562,0.182525542031002
"direct",0.75,"R0 75th pct (4.1)",4.12642819800479,38.8542566009272,0.268217832870311
"direct",0.75,"R0 90th pct (9.1)",9.1455004281937,61.9481253948797,0.594457527832591
"direct",0.775,"R0 25th pct (2.0)",1.99157647802648,31.4959041126673,0.116507223964549
"direct",0.775,"R0 median (2.8)",2.80808526201542,34.0733776878959,0.164272987827902
"direct",0.775,"R0 75th pct (4.1)",4.12642819800479,37.6221373023818,0.24139604958328
"direct",0.775,"R0 90th pct (9.1)",9.1455004281937,55.8166780309163,0.535011775049332
"direct",0.8,"R0 25th pct (2.0)",1.99157647802648,30.8898293399375,0.103561976857377
"direct",0.8,"R0 median (2.8)",2.80808526201542,33.2634677317843,0.146020433624802
"direct",0.8,"R0 75th pct (4.1)",4.12642819800479,36.4210610389751,0.214574266296249
"direct",0.8,"R0 90th pct (9.1)",9.1455004281937,50.8885984541596,0.475566022266072
"direct",0.825,"R0 25th pct (2.0)",1.99157647802648,30.2665482498254,0.0906167297502048
"direct",0.825,"R0 median (2.8)",2.80808526201542,32.4407083893176,0.127767879421702
"direct",0.825,"R0 75th pct (4.1)",4.12642819800479,35.2375839393678,0.187752483009218
"direct",0.825,"R0 90th pct (9.1)",9.1455004281937,46.8048291182182,0.416120269482813
"direct",0.85,"R0 25th pct (2.0)",1.99157647802648,29.6211238677435,0.0776714826430327
"direct",0.85,"R0 median (2.8)",2.80808526201542,31.5968546347446,0.109515325218601
"direct",0.85,"R0 75th pct (4.1)",4.12642819800479,34.0564246784652,0.160930699722187
"direct",0.85,"R0 90th pct (9.1)",9.1455004281937,43.3232528131997,0.356674516699554
"direct",0.875,"R0 25th pct (2.0)",1.99157647802648,28.9476319160351,0.0647262355358606
"direct",0.875,"R0 median (2.8)",2.80808526201542,30.7214905472931,0.0912627710155012
"direct",0.875,"R0 75th pct (4.1)",4.12642819800479,32.8592104917821,0.134108916435156
"direct",0.875,"R0 90th pct (9.1)",9.1455004281937,40.2663920294122,0.297228763916295
"direct",0.9,"R0 25th pct (2.0)",1.99157647802648,28.2385856080079,0.0517809884286885
"direct",0.9,"R0 median (2.8)",2.80808526201542,29.8009923461142,0.0730102168124009
"direct",0.9,"R0 75th pct (4.1)",4.12642819800479,31.6221619507313,0.107287133148125
"direct",0.9,"R0 90th pct (9.1)",9.1455004281937,37.489546964562,0.237783011133036
"direct",0.925,"R0 25th pct (2.0)",1.99157647802648,27.4845129895881,0.0388357413215163
"direct",0.925,"R0 median (2.8)",2.80808526201542,28.8170281372067,0.0547576626093007
"direct",0.925,"R0 75th pct (4.1)",4.12642819800479,30.3122331139113,0.0804653498610934
"direct",0.925,"R0 90th pct (9.1)",9.1455004281937,34.8547234880746,0.178337258349777
"direct",0.95,"R0 25th pct (2.0)",1.99157647802648,26.6732807703876,0.0258904942143443
"direct",0.95,"R0 median (2.8)",2.80808526201542,27.7439390510799,0.0365051084062005
"direct",0.95,"R0 75th pct (4.1)",4.12642819800479,28.8798436506888,0.0536435665740623
"direct",0.95,"R0 90th pct (9.1)",9.1455004281937,32.1952106481026,0.118891505566518
"indirect",0,"R0 25th pct (2.0)",1.99157647802648,112.970343006075,0.836462120771122
"indirect",0,"R0 median (2.8)",2.80808526201542,Inf,1.17939581004648
"indirect",0,"R0 75th pct (4.1)",4.12642819800479,Inf,1.73309984316201
"indirect",0,"R0 90th pct (9.1)",9.1455004281937,Inf,3.84111017984136
"indirect",0.025,"R0 25th pct (2.0)",1.99157647802648,102.664405493645,0.815550567751844
"indirect",0.025,"R0 median (2.8)",2.80808526201542,Inf,1.14991091479531
"indirect",0.025,"R0 75th pct (4.1)",4.12642819800479,Inf,1.68977234708296
"indirect",0.025,"R0 90th pct (9.1)",9.1455004281937,Inf,3.74508242534532
"indirect",0.05,"R0 25th pct (2.0)",1.99157647802648,94.2723677909589,0.794639014732566
"indirect",0.05,"R0 median (2.8)",2.80808526201542,Inf,1.12042601954415
"indirect",0.05,"R0 75th pct (4.1)",4.12642819800479,Inf,1.64644485100391
"indirect",0.05,"R0 90th pct (9.1)",9.1455004281937,Inf,3.64905467084929
"indirect",0.075,"R0 25th pct (2.0)",1.99157647802648,87.3018308100426,0.773727461713288
"indirect",0.075,"R0 median (2.8)",2.80808526201542,Inf,1.09094112429299
"indirect",0.075,"R0 75th pct (4.1)",4.12642819800479,Inf,1.60311735492486
"indirect",0.075,"R0 90th pct (9.1)",9.1455004281937,Inf,3.55302691635325
"indirect",0.1,"R0 25th pct (2.0)",1.99157647802648,81.4176167467246,0.75281590869401
"indirect",0.1,"R0 median (2.8)",2.80808526201542,Inf,1.06145622904183
"indirect",0.1,"R0 75th pct (4.1)",4.12642819800479,Inf,1.55978985884581
"indirect",0.1,"R0 90th pct (9.1)",9.1455004281937,Inf,3.45699916185722
"indirect",0.125,"R0 25th pct (2.0)",1.99157647802648,76.3833276407053,0.731904355674731
"indirect",0.125,"R0 median (2.8)",2.80808526201542,Inf,1.03197133379067
"indirect",0.125,"R0 75th pct (4.1)",4.12642819800479,Inf,1.51646236276676
"indirect",0.125,"R0 90th pct (9.1)",9.1455004281937,Inf,3.36097140736119
"indirect",0.15,"R0 25th pct (2.0)",1.99157647802648,72.0272646001821,0.710992802655453
"indirect",0.15,"R0 median (2.8)",2.80808526201542,Inf,1.00248643853951
"indirect",0.15,"R0 75th pct (4.1)",4.12642819800479,Inf,1.47313486668771
"indirect",0.15,"R0 90th pct (9.1)",9.1455004281937,Inf,3.26494365286515
"indirect",0.175,"R0 25th pct (2.0)",1.99157647802648,68.2216063892818,0.690081249636175
"indirect",0.175,"R0 median (2.8)",2.80808526201542,Inf,0.973001543288343
"indirect",0.175,"R0 75th pct (4.1)",4.12642819800479,Inf,1.42980737060866
"indirect",0.175,"R0 90th pct (9.1)",9.1455004281937,Inf,3.16891589836912
"indirect",0.2,"R0 25th pct (2.0)",1.99157647802648,64.8691672014249,0.669169696616897
"indirect",0.2,"R0 median (2.8)",2.80808526201542,Inf,0.943516648037181
"indirect",0.2,"R0 75th pct (4.1)",4.12642819800479,Inf,1.38647987452961
"indirect",0.2,"R0 90th pct (9.1)",9.1455004281937,Inf,3.07288814387308
"indirect",0.225,"R0 25th pct (2.0)",1.99157647802648,61.8946972873324,0.648258143597619
"indirect",0.225,"R0 median (2.8)",2.80808526201542,192.10445377048,0.91403175278602
"indirect",0.225,"R0 75th pct (4.1)",4.12642819800479,Inf,1.34315237845056
"indirect",0.225,"R0 90th pct (9.1)",9.1455004281937,Inf,2.97686038937705
"indirect",0.25,"R0 25th pct (2.0)",1.99157647802648,59.2390005089438,0.627346590578341
"indirect",0.25,"R0 median (2.8)",2.80808526201542,153.021675527521,0.884546857534858
"indirect",0.25,"R0 75th pct (4.1)",4.12642819800479,Inf,1.29982488237151
"indirect",0.25,"R0 90th pct (9.1)",9.1455004281937,Inf,2.88083263488102
"indirect",0.275,"R0 25th pct (2.0)",1.99157647802648,56.8548528443725,0.606435037559063
"indirect",0.275,"R0 median (2.8)",2.80808526201542,128.244935518201,0.855061962283695
"indirect",0.275,"R0 75th pct (4.1)",4.12642819800479,Inf,1.25649738629246
"indirect",0.275,"R0 90th pct (9.1)",9.1455004281937,Inf,2.78480488038498
"indirect",0.3,"R0 25th pct (2.0)",1.99157647802648,54.7040968179535,0.585523484539785
"indirect",0.3,"R0 median (2.8)",2.80808526201542,111.032733607559,0.825577067032534
"indirect",0.3,"R0 75th pct (4.1)",4.12642819800479,Inf,1.21316989021341
"indirect",0.3,"R0 90th pct (9.1)",9.1455004281937,Inf,2.68877712588895
"indirect",0.325,"R0 25th pct (2.0)",1.99157647802648,52.7555585497966,0.564611931520507
"indirect",0.325,"R0 median (2.8)",2.80808526201542,98.3359342308277,0.796092171781372
"indirect",0.325,"R0 75th pct (4.1)",4.12642819800479,Inf,1.16984239413436
"indirect",0.325,"R0 90th pct (9.1)",9.1455004281937,Inf,2.59274937139292
"indirect",0.35,"R0 25th pct (2.0)",1.99157647802648,50.983500965412,0.543700378501229
"indirect",0.35,"R0 median (2.8)",2.80808526201542,88.5638249575842,0.76660727653021
"indirect",0.35,"R0 75th pct (4.1)",4.12642819800479,Inf,1.12651489805531
"indirect",0.35,"R0 90th pct (9.1)",9.1455004281937,Inf,2.49672161689688
"indirect",0.375,"R0 25th pct (2.0)",1.99157647802648,49.3664718547041,0.522788825481951
"indirect",0.375,"R0 median (2.8)",2.80808526201542,80.8013023725359,0.737122381279048
"indirect",0.375,"R0 75th pct (4.1)",4.12642819800479,Inf,1.08318740197626
"indirect",0.375,"R0 90th pct (9.1)",9.1455004281937,Inf,2.40069386240085
"indirect",0.4,"R0 25th pct (2.0)",1.99157647802648,47.8864333031373,0.501877272462673
"indirect",0.4,"R0 median (2.8)",2.80808526201542,74.4829058232919,0.707637486027886
"indirect",0.4,"R0 75th pct (4.1)",4.12642819800479,Inf,1.03985990589721
"indirect",0.4,"R0 90th pct (9.1)",9.1455004281937,Inf,2.30466610790481
"indirect",0.425,"R0 25th pct (2.0)",1.99157647802648,46.5280946207165,0.480965719443395
"indirect",0.425,"R0 median (2.8)",2.80808526201542,69.2395891237174,0.678152590776724
"indirect",0.425,"R0 75th pct (4.1)",4.12642819800479,Inf,0.996532409818157
"indirect",0.425,"R0 90th pct (9.1)",9.1455004281937,Inf,2.20863835340878
"indirect",0.45,"R0 25th pct (2.0)",1.99157647802648,45.2783917001116,0.460054166424117
"indirect",0.45,"R0 median (2.8)",2.80808526201542,64.8198517522757,0.648667695525562
"indirect",0.45,"R0 75th pct (4.1)",4.12642819800479,Inf,0.953204913739107
"indirect",0.45,"R0 90th pct (9.1)",9.1455004281937,Inf,2.11261059891275
"indirect",0.475,"R0 25th pct (2.0)",1.99157647802648,44.1260832042616,0.439142613404839
"indirect",0.475,"R0 median (2.8)",2.80808526201542,61.0461705151936,0.6191828002744
"indirect",0.475,"R0 75th pct (4.1)",4.12642819800479,188.383213248242,0.909877417660056
"indirect",0.475,"R0 90th pct (9.1)",9.1455004281937,Inf,2.01658284441671
"indirect",0.5,"R0 25th pct (2.0)",1.99157647802648,43.0614370666279,0.418231060385561
"indirect",0.5,"R0 median (2.8)",2.80808526201542,57.7895314786762,0.589697905023238
"indirect",0.5,"R0 75th pct (4.1)",4.12642819800479,139.707539643028,0.866549921581006
"indirect",0.5,"R0 90th pct (9.1)",9.1455004281937,Inf,1.92055508992068
"indirect",0.525,"R0 25th pct (2.0)",1.99157647802648,42.0759654015558,0.397319507366283
"indirect",0.525,"R0 median (2.8)",2.80808526201542,54.9538156123042,0.560213009772076
"indirect",0.525,"R0 75th pct (4.1)",4.12642819800479,112.695677405308,0.823222425501956
"indirect",0.525,"R0 90th pct (9.1)",9.1455004281937,Inf,1.82452733542464
"indirect",0.55,"R0 25th pct (2.0)",1.99157647802648,41.1622325541891,0.376407954347005
"indirect",0.55,"R0 median (2.8)",2.80808526201542,52.465854639782,0.530728114520914
"indirect",0.55,"R0 75th pct (4.1)",4.12642819800479,95.3621897270476,0.779894929422905
"indirect",0.55,"R0 90th pct (9.1)",9.1455004281937,Inf,1.72849958092861
"indirect",0.575,"R0 25th pct (2.0)",1.99157647802648,40.3136876578592,0.355496401327727
"indirect",0.575,"R0 median (2.8)",2.80808526201542,50.2688836216217,0.501243219269752
"indirect",0.575,"R0 75th pct (4.1)",4.12642819800479,83.241669530276,0.736567433343855
"indirect",0.575,"R0 90th pct (9.1)",9.1455004281937,Inf,1.63247182643258
"indirect",0.6,"R0 25th pct (2.0)",1.99157647802648,39.5245310293214,0.334584848308449
"indirect",0.6,"R0 median (2.8)",2.80808526201542,48.3181071566073,0.47175832401859
"indirect",0.6,"R0 75th pct (4.1)",4.12642819800479,74.2713692190838,0.693239937264805
"indirect",0.6,"R0 90th pct (9.1)",9.1455004281937,Inf,1.53644407193654
"indirect",0.625,"R0 25th pct (2.0)",1.99157647802648,38.7895964123848,0.313673295289171
"indirect",0.625,"R0 median (2.8)",2.80808526201542,46.5776313299125,0.442273428767429
"indirect",0.625,"R0 75th pct (4.1)",4.12642819800479,67.3608134037482,0.649912441185755
"indirect",0.625,"R0 90th pct (9.1)",9.1455004281937,Inf,1.44041631744051
"indirect",0.65,"R0 25th pct (2.0)",1.99157647802648,38.1042804597015,0.292761742269893
"indirect",0.65,"R0 median (2.8)",2.80808526201542,45.0182940324042,0.412788533516267
"indirect",0.65,"R0 75th pct (4.1)",4.12642819800479,61.8770850149317,0.606584945106704
"indirect",0.65,"R0 90th pct (9.1)",9.1455004281937,Inf,1.34438856294447
"indirect",0.675,"R0 25th pct (2.0)",1.99157647802648,37.464474915431,0.271850189250614
"indirect",0.675,"R0 median (2.8)",2.80808526201542,43.6160918406978,0.383303638265105
"indirect",0.675,"R0 75th pct (4.1)",4.12642819800479,57.4265830864313,0.563257449027654
"indirect",0.675,"R0 90th pct (9.1)",9.1455004281937,Inf,1.24836080844844
"indirect",0.7,"R0 25th pct (2.0)",1.99157647802648,36.866444931354,0.250938636231336
"indirect",0.7,"R0 median (2.8)",2.80808526201542,42.3510698315664,0.353818743013943
"indirect",0.7,"R0 75th pct (4.1)",4.12642819800479,53.7510157786127,0.519929952948603
"indirect",0.7,"R0 90th pct (9.1)",9.1455004281937,Inf,1.15233305395241
"indirect",0.725,"R0 25th pct (2.0)",1.99157647802648,36.3068777281338,0.230027083212058
"indirect",0.725,"R0 median (2.8)",2.80808526201542,41.2064514055147,0.324333847762781
"indirect",0.725,"R0 75th pct (4.1)",4.12642819800479,50.6733062331413,0.476602456869553
"indirect",0.725,"R0 90th pct (9.1)",9.1455004281937,Inf,1.05630529945637
"indirect",0.75,"R0 25th pct (2.0)",1.99157647802648,35.7827403158986,0.20911553019278
"indirect",0.75,"R0 median (2.8)",2.80808526201542,40.1680017081233,0.294848952511619
"indirect",0.75,"R0 75th pct (4.1)",4.12642819800479,48.0675070894661,0.433274960790503
"indirect",0.75,"R0 90th pct (9.1)",9.1455004281937,Inf,0.960277544960339
"indirect",0.775,"R0 25th pct (2.0)",1.99157647802648,35.2912900675565,0.188203977173502
"indirect",0.775,"R0 median (2.8)",2.80808526201542,39.223587453356,0.265364057260457
"indirect",0.775,"R0 75th pct (4.1)",4.12642819800479,45.8411689092328,0.389947464711453
"indirect",0.775,"R0 90th pct (9.1)",9.1455004281937,142.247083970604,0.864249790464305
"indirect",0.8,"R0 25th pct (2.0)",1.99157647802648,34.8300446446193,0.167292424154224
"indirect",0.8,"R0 median (2.8)",2.80808526201542,38.3627260788116,0.235879162009295
"indirect",0.8,"R0 75th pct (4.1)",4.12642819800479,43.924578685375,0.346619968632402
"indirect",0.8,"R0 90th pct (9.1)",9.1455004281937,95.8156858913931,0.768222035968271
"indirect",0.825,"R0 25th pct (2.0)",1.99157647802648,34.3967554445063,0.146380871134946
"indirect",0.825,"R0 median (2.8)",2.80808526201542,37.576404810284,0.206394266758133
"indirect",0.825,"R0 75th pct (4.1)",4.12642819800479,42.2639547155776,0.303292472553352
"indirect",0.825,"R0 90th pct (9.1)",9.1455004281937,74.6186434211761,0.672194281472237
"indirect",0.85,"R0 25th pct (2.0)",1.99157647802648,33.9893838102627,0.125469318115668
"indirect",0.85,"R0 median (2.8)",2.80808526201542,36.8567386374045,0.176909371506971
"indirect",0.85,"R0 75th pct (4.1)",4.12642819800479,40.8169727315097,0.259964976474302
"indirect",0.85,"R0 90th pct (9.1)",9.1455004281937,62.3927759732621,0.576166526976203
"indirect",0.875,"R0 25th pct (2.0)",1.99157647802648,33.6059797941167,0.10455776509639
"indirect",0.875,"R0 median (2.8)",2.80808526201542,36.1968713644419,0.14742447625581
"indirect",0.875,"R0 75th pct (4.1)",4.12642819800479,39.5498614203202,0.216637480395251
"indirect",0.875,"R0 90th pct (9.1)",9.1455004281937,54.4707551535899,0.480138772480169
"indirect",0.9,"R0 25th pct (2.0)",1.99157647802648,33.244919288622,0.0836462120771121
"indirect",0.9,"R0 median (2.8)",2.80808526201542,35.590747451854,0.117939581004648
"indirect",0.9,"R0 75th pct (4.1)",4.12642819800479,38.4352470005025,0.173309984316201
"indirect",0.9,"R0 90th pct (9.1)",9.1455004281937,48.9810832531955,0.384111017984135
"indirect",0.925,"R0 25th pct (2.0)",1.99157647802648,32.9045246558935,0.0627346590578341
"indirect",0.925,"R0 median (2.8)",2.80808526201542,35.033092313983,0.0884546857534857
"indirect",0.925,"R0 75th pct (4.1)",4.12642819800479,37.4507551816133,0.129982488237151
"indirect",0.925,"R0 90th pct (9.1)",9.1455004281937,45.0104990051937,0.288083263488102
"indirect",0.95,"R0 25th pct (2.0)",1.99157647802648,32.5834332621435,0.0418231060385561
"indirect",0.95,"R0 median (2.8)",2.80808526201542,34.5191856812707,0.0589697905023239
"indirect",0.95,"R0 75th pct (4.1)",4.12642819800479,36.5778810773797,0.0866549921581007
"indirect",0.95,"R0 90th pct (9.1)",9.1455004281937,42.0502197115715,0.192055508992068
"duration",1,"R0 25th pct (2.0)",1.99157647802648,Inf,1.61090439951927
"duration",1,"R0 median (2.8)",2.80808526201542,Inf,2.27134481287326
"duration",1,"R0 75th pct (4.1)",4.12642819800479,Inf,3.33769825653559
"duration",1,"R0 90th pct (9.1)",9.1455004281937,Inf,7.39741960106976
"duration",1.5,"R0 25th pct (2.0)",1.99157647802648,Inf,1.47589397259214
"duration",1.5,"R0 median (2.8)",2.80808526201542,Inf,2.08098265793953
"duration",1.5,"R0 75th pct (4.1)",4.12642819800479,Inf,3.05796466917729
"duration",1.5,"R0 90th pct (9.1)",9.1455004281937,Inf,6.77743943415387
"duration",2,"R0 25th pct (2.0)",1.99157647802648,Inf,1.36473515761369
"duration",2,"R0 median (2.8)",2.80808526201542,Inf,1.92425082588184
"duration",2,"R0 75th pct (4.1)",4.12642819800479,Inf,2.82765020541218
"duration",2,"R0 90th pct (9.1)",9.1455004281937,Inf,6.26698803989442
"duration",2.5,"R0 25th pct (2.0)",1.99157647802648,Inf,1.27162033945744
"duration",2.5,"R0 median (2.8)",2.80808526201542,Inf,1.79296068893519
"duration",2.5,"R0 75th pct (4.1)",4.12642819800479,Inf,2.63472183156796
"duration",2.5,"R0 90th pct (9.1)",9.1455004281937,Inf,5.83939632111542
"duration",3,"R0 25th pct (2.0)",1.99157647802648,Inf,1.19248581845116
"duration",3,"R0 median (2.8)",2.80808526201542,Inf,1.6813825072253
"duration",3,"R0 75th pct (4.1)",4.12642819800479,Inf,2.47075980323577
"duration",3,"R0 90th pct (9.1)",9.1455004281937,Inf,5.47600339910974
"duration",3.5,"R0 25th pct (2.0)",1.99157647802648,Inf,1.12440293808384
"duration",3.5,"R0 median (2.8)",2.80808526201542,Inf,1.58538693032208
"duration",3.5,"R0 75th pct (4.1)",4.12642819800479,Inf,2.32969611803524
"duration",3.5,"R0 90th pct (9.1)",9.1455004281937,Inf,5.16336061665983
"duration",4,"R0 25th pct (2.0)",1.99157647802648,Inf,1.06520766099926
"duration",4,"R0 median (2.8)",2.80808526201542,Inf,1.50192270637883
"duration",4,"R0 75th pct (4.1)",4.12642819800479,Inf,2.2070470190699
"duration",4,"R0 90th pct (9.1)",9.1455004281937,Inf,4.89153051729024
"duration",4.5,"R0 25th pct (2.0)",1.99157647802648,Inf,1.01326632307705
"duration",4.5,"R0 median (2.8)",2.80808526201542,Inf,1.42868639980563
"duration",4.5,"R0 75th pct (4.1)",4.12642819800479,Inf,2.09942765129313
"duration",4.5,"R0 90th pct (9.1)",9.1455004281937,Inf,4.65301116669054
"duration",5,"R0 25th pct (2.0)",1.99157647802648,Inf,0.967322531013151
"duration",5,"R0 median (2.8)",2.80808526201542,Inf,1.3639065197462
"duration",5,"R0 75th pct (4.1)",4.12642819800479,Inf,2.00423484238648
"duration",5,"R0 90th pct (9.1)",9.1455004281937,Inf,4.44203309247187
"duration",5.5,"R0 25th pct (2.0)",1.99157647802648,191.021668262582,0.926394200249525
"duration",5.5,"R0 median (2.8)",2.80808526201542,Inf,1.30619834550118
"duration",5.5,"R0 75th pct (4.1)",4.12642819800479,Inf,1.91943377146419
"duration",5.5,"R0 90th pct (9.1)",9.1455004281937,Inf,4.25408647297026
"duration",6,"R0 25th pct (2.0)",1.99157647802648,141.452360052398,0.88970256727229
"duration",6,"R0 median (2.8)",2.80808526201542,Inf,1.25446383520773
"duration",6,"R0 75th pct (4.1)",4.12642819800479,Inf,1.84341088677028
"duration",6,"R0 90th pct (9.1)",9.1455004281937,Inf,4.0855951552595
"duration",6.5,"R0 25th pct (2.0)",1.99157647802648,116.116112692337,0.85662216195426
"duration",6.5,"R0 median (2.8)",2.80808526201542,Inf,1.2078210877863
"duration",6.5,"R0 75th pct (4.1)",4.12642819800479,Inf,1.77487025134311
"duration",6.5,"R0 90th pct (9.1)",9.1455004281937,Inf,3.93368692359538
"duration",7,"R0 25th pct (2.0)",1.99157647802648,100.607317408766,0.826644858405082
"duration",7,"R0 median (2.8)",2.80808526201542,Inf,1.16555365531751
"duration",7,"R0 75th pct (4.1)",4.12642819800479,Inf,1.71275905851156
"duration",7,"R0 90th pct (9.1)",9.1455004281937,Inf,3.79602841764798
"duration",7.5,"R0 25th pct (2.0)",1.99157647802648,90.0998931053583,0.799353589197282
"duration",7.5,"R0 median (2.8)",2.80808526201542,Inf,1.1270734805968
"duration",7.5,"R0 75th pct (4.1)",4.12642819800479,Inf,1.65621316933235
"duration",7.5,"R0 90th pct (9.1)",9.1455004281937,Inf,3.67070442583562
"duration",8,"R0 25th pct (2.0)",1.99157647802648,82.4980576678585,0.774402822405391
"duration",8,"R0 median (2.8)",2.80808526201542,Inf,1.09189337012787
"duration",8,"R0 75th pct (4.1)",4.12642819800479,Inf,1.6045166621744
"duration",8,"R0 90th pct (9.1)",9.1455004281937,Inf,3.5561282341118
"duration",8.5,"R0 25th pct (2.0)",1.99157647802648,76.7388489946077,0.751503854993932
"duration",8.5,"R0 median (2.8)",2.80808526201542,Inf,1.05960625807721
"duration",8.5,"R0 75th pct (4.1)",4.12642819800479,Inf,1.55707136149207
"duration",8.5,"R0 90th pct (9.1)",9.1455004281937,Inf,3.45097409186455
"duration",9,"R0 25th pct (2.0)",1.99157647802648,72.2236300503588,0.730413591065646
"duration",9,"R0 median (2.8)",2.80808526201542,Inf,1.02986938381581
"duration",9,"R0 75th pct (4.1)",4.12642819800479,Inf,1.51337358702182
"duration",9,"R0 90th pct (9.1)",9.1455004281937,Inf,3.35412568061097
"duration",9.5,"R0 25th pct (2.0)",1.99157647802648,68.5887114774366,0.710925878175845
"duration",9.5,"R0 median (2.8)",2.80808526201542,Inf,1.00239207628582
"duration",9.5,"R0 75th pct (4.1)",4.12642819800479,Inf,1.47299620314009
"duration",9.5,"R0 90th pct (9.1)",9.1455004281937,Inf,3.2646363295644
"duration",10,"R0 25th pct (2.0)",1.99157647802648,65.6000254276945,0.692864746299412
"duration",10,"R0 median (2.8)",2.80808526201542,Inf,0.976926221071568
"duration",10,"R0 75th pct (4.1)",4.12642819800479,Inf,1.43557461040435
"duration",10,"R0 90th pct (9.1)",9.1455004281937,Inf,3.18169796835557
"duration",11,"R0 25th pct (2.0)",1.99157647802648,60.9783124797213,0.660438376072881
"duration",11,"R0 median (2.8)",2.80808526201542,197.595458296258,0.931205650790477
"duration",11,"R0 75th pct (4.1)",4.12642819800479,Inf,1.36838909684863
"duration",11,"R0 90th pct (9.1)",9.1455004281937,Inf,3.03279312535131
"duration",12,"R0 25th pct (2.0)",1.99157647802648,57.573916613232,0.632153190492917
"duration",12,"R0 median (2.8)",2.80808526201542,142.241109891419,0.891324072735702
"duration",12,"R0 75th pct (4.1)",4.12642819800479,Inf,1.30978387196737
"duration",12,"R0 90th pct (9.1)",9.1455004281937,Inf,2.90290497910777
"duration",13,"R0 25th pct (2.0)",1.99157647802648,54.9649568477938,0.607263497373483
"duration",13,"R0 median (2.8)",2.80808526201542,116.079680527567,0.856230074992754
"duration",13,"R0 75th pct (4.1)",4.12642819800479,Inf,1.25821390583206
"duration",13,"R0 90th pct (9.1)",9.1455004281937,Inf,2.78860924324582
"duration",14,"R0 25th pct (2.0)",1.99157647802648,52.9041228649632,0.585192500099633
"duration",14,"R0 median (2.8)",2.80808526201542,100.686060238094,0.825110385216092
"duration",14,"R0 75th pct (4.1)",4.12642819800479,Inf,1.21248411010804
"duration",14,"R0 90th pct (9.1)",9.1455004281937,Inf,2.68725721521892
"duration",15,"R0 25th pct (2.0)",1.99157647802648,51.2367575192958,0.56548704262717
"duration",15,"R0 median (2.8)",2.80808526201542,90.505704116908,0.797326061932395
"duration",15,"R0 75th pct (4.1)",4.12642819800479,Inf,1.17165557238122
"duration",15,"R0 90th pct (9.1)",9.1455004281937,Inf,2.59676796123318
"duration",16,"R0 25th pct (2.0)",1.99157647802648,49.861200037191,0.547786165470911
"duration",16,"R0 median (2.8)",2.80808526201542,83.2602535854277,0.772368159077219
"duration",16,"R0 75th pct (4.1)",4.12642819800479,Inf,1.13498040603291
"duration",16,"R0 90th pct (9.1)",9.1455004281937,Inf,2.51548392248394
"duration",17,"R0 25th pct (2.0)",1.99157647802648,48.7078634235773,0.531798793354406
"duration",17,"R0 median (2.8)",2.80808526201542,77.8357254250846,0.749826266002042
"duration",17,"R0 75th pct (4.1)",4.12642819800479,Inf,1.10185552037503
"duration",17,"R0 90th pct (9.1)",9.1455004281937,Inf,2.44206845481279
"duration",18,"R0 25th pct (2.0)",1.99157647802648,47.7275512835232,0.517287603442859
"duration",18,"R0 median (2.8)",2.80808526201542,73.6207665046095,0.729365761986999
"duration",18,"R0 75th pct (4.1)",4.12642819800479,Inf,1.07178919658668
"duration",18,"R0 90th pct (9.1)",9.1455004281937,Inf,2.37543175016503
"duration",19,"R0 25th pct (2.0)",1.99157647802648,46.8845042904599,0.504057164924543
"duration",19,"R0 median (2.8)",2.80808526201542,70.2510824998525,0.710711093274453
"duration",19,"R0 75th pct (4.1)",4.12642819800479,Inf,1.04437651363109
"duration",19,"R0 90th pct (9.1)",9.1455004281937,Inf,2.31467637246829
"duration",20,"R0 25th pct (2.0)",1.99157647802648,46.1521125010055,0.49194508625125
"duration",20,"R0 median (2.8)",2.80808526201542,67.4957461726225,0.693633290845019
"duration",20,"R0 75th pct (4.1)",4.12642819800479,Inf,1.01928100586357
"duration",20,"R0 90th pct (9.1)",9.1455004281937,Inf,2.25905660495493
"duration",21,"R0 25th pct (2.0)",1.99157647802648,45.5101837316923,0.480815316297093
"duration",21,"R0 median (2.8)",2.80808526201542,65.2011092892446,0.677940525177863
"duration",21,"R0 75th pct (4.1)",4.12642819800479,Inf,0.99622078343031
"duration",21,"R0 90th pct (9.1)",9.1455004281937,Inf,2.2079476884737
"duration",22,"R0 25th pct (2.0)",1.99157647802648,44.9431274480931,0.470553011860667
"duration",22,"R0 median (2.8)",2.80808526201542,63.2608923216161,0.663470869525573
"duration",22,"R0 75th pct (4.1)",4.12642819800479,Inf,0.974957898037659
"duration",22,"R0 90th pct (9.1)",9.1455004281937,Inf,2.16082225259258
"duration",23,"R0 25th pct (2.0)",1.99157647802648,44.4387079476636,0.461060560249288
"duration",23,"R0 median (2.8)",2.80808526201542,61.5992130777227,0.650086691832974
"duration",23,"R0 75th pct (4.1)",4.12642819800479,Inf,0.955290101982845
"duration",23,"R0 90th pct (9.1)",9.1455004281937,Inf,2.11723205094363
"duration",24,"R0 25th pct (2.0)",1.99157647802648,43.9872022656264,0.452254464629746
"duration",24,"R0 median (2.8)",2.80808526201542,60.160400076588,0.637670263140444
"duration",24,"R0 75th pct (4.1)",4.12642819800479,Inf,0.937044394785693
"duration",24,"R0 90th pct (9.1)",9.1455004281937,Inf,2.07679365847023
"duration",25,"R0 25th pct (2.0)",1.99157647802648,43.5807882050582,0.444062881424201
"duration",25,"R0 median (2.8)",2.80808526201542,58.9026931386317,0.626120285358592
"duration",25,"R0 75th pct (4.1)",4.12642819800479,179.700626088748,0.920071920819159
"duration",25,"R0 90th pct (9.1)",9.1455004281937,Inf,2.03917716292488
"duration",26,"R0 25th pct (2.0)",1.99157647802648,43.2130983677875,0.436423655865535
"duration",26,"R0 median (2.8)",2.80808526201542,57.7941370812478,0.61534912143836
"duration",26,"R0 75th pct (4.1)",4.12642819800479,158.264389042631,0.904243899096672
"duration",26,"R0 90th pct (9.1)",9.1455004281937,Inf,2.00409714396067
"duration",27,"R0 25th pct (2.0)",1.99157647802648,42.8789046691948,0.429282741978729
"duration",27,"R0 median (2.8)",2.80808526201542,56.8098697458298,0.605280567574572
"duration",27,"R0 75th pct (4.1)",4.12642819800479,143.007615442847,0.889448349567366
"duration",27,"R0 90th pct (9.1)",9.1455004281937,Inf,1.97130541754191
"duration",28,"R0 25th pct (2.0)",1.99157647802648,42.573872050894,0.422592921993133
"duration",28,"R0 median (2.8)",2.80808526201542,55.9302473160104,0.5958480476014
"duration",28,"R0 75th pct (4.1)",4.12642819800479,131.561690788047,0.87558743981436
"duration",28,"R0 90th pct (9.1)",9.1455004281937,Inf,1.94058515536878
"duration",29,"R0 25th pct (2.0)",1.99157647802648,42.2943780580317,0.416312761009645
"duration",29,"R0 median (2.8)",2.80808526201542,55.1395498391561,0.586993139092793
"duration",29,"R0 75th pct (4.1)",4.12642819800479,122.640470902303,0.862575319187209
"duration",29,"R0 90th pct (9.1)",9.1455004281937,Inf,1.91174608461387
"duration",30,"R0 25th pct (2.0)",1.99157647802648,42.0373719827862,0.410405747999312
"duration",30,"R0 median (2.8)",2.80808526201542,54.425044251169,0.578664362186728
"duration",30,"R0 75th pct (4.1)",4.12642819800479,115.482379894944,0.850336339002038
"duration",30,"R0 90th pct (9.1)",9.1455004281937,Inf,1.88462054330959
"duration",31,"R0 25th pct (2.0)",1.99157647802648,41.8002671949957,0.404839585502014
"duration",31,"R0 median (2.8)",2.80808526201542,53.7763106983139,0.570816178073741
"duration",31,"R0 75th pct (4.1)",4.12642819800479,109.606422791714,0.838803580839375
"duration",31,"R0 90th pct (9.1)",9.1455004281937,Inf,1.85906021857987
"duration",32,"R0 25th pct (2.0)",1.99157647802648,41.5808568210769,0.399585598835969
"duration",32,"R0 median (2.8)",2.80808526201542,53.1847442348889,0.563408155993481
"duration",32,"R0 75th pct (4.1)",4.12642819800479,104.693212831213,0.827917632461338
"duration",32,"R0 90th pct (9.1)",9.1455004281937,Inf,1.83493343367646
"duration",33,"R0 25th pct (2.0)",1.99157647802648,41.3772470869185,0.394618241998489
"duration",33,"R0 median (2.8)",2.80808526201542,52.6431647210871,0.556404276564095
"duration",33,"R0 75th pct (4.1)",4.12642819800479,100.522044538753,0.817625564067338
"duration",33,"R0 90th pct (9.1)",9.1455004281937,Inf,1.81212287903023
"duration",34,"R0 25th pct (2.0)",1.99157647802648,41.1878041659476,0.389914682285843
"duration",34,"R0 median (2.8)",2.80808526201542,52.1455441298334,0.54977234610407
"duration",34,"R0 75th pct (4.1)",4.12642819800479,96.9353265495619,0.807880067651104
"duration",34,"R0 90th pct (9.1)",9.1455004281937,Inf,1.79052370478779
"duration",35,"R0 25th pct (2.0)",1.99157647802648,41.0111103032849,0.385454449379048
"duration",35,"R0 median (2.8)",2.80808526201542,51.6867820655796,0.543483501849825
"duration",35,"R0 75th pct (4.1)",4.12642819800479,93.8174122755865,0.798638729927279
"duration",35,"R0 90th pct (9.1)",9.1455004281937,Inf,1.77004190938149
"duration",36,"R0 25th pct (2.0)",1.99157647802648,40.8459238161642,0.381219137517471
"duration",36,"R0 median (2.8)",2.80808526201542,51.2625337301052,0.537511792026099
"duration",36,"R0 75th pct (4.1)",4.12642819800479,91.0814614903079,0.789863415252809
"duration",36,"R0 90th pct (9.1)",9.1455004281937,Inf,1.75059297188351
"duration",37,"R0 25th pct (2.0)",1.99157647802648,40.6911705470147,0.377192151620762
"duration",37,"R0 median (2.8)",2.80808526201542,50.8690822911802,0.531833817882672
"duration",37,"R0 75th pct (4.1)",4.12642819800479,88.6609516662973,0.781519739606664
"duration",37,"R0 90th pct (9.1)",9.1455004281937,Inf,1.73210068617466
"duration",38,"R0 25th pct (2.0)",1.99157647802648,40.5458956029712,0.373358489974707
"duration",38,"R0 median (2.8)",2.80808526201542,50.5032080060467,0.526428427285516
"duration",38,"R0 75th pct (4.1)",4.12642819800479,86.504037341757,0.773576620327826
"duration",38,"R0 90th pct (9.1)",9.1455004281937,Inf,1.71449616301807
"duration",39,"R0 25th pct (2.0)",1.99157647802648,40.4092576436493,0.369704557481339
"duration",39,"R0 median (2.8)",2.80808526201542,50.1621431862928,0.521276451402976
"duration",39,"R0 75th pct (4.1)",4.12642819800479,84.5697104644757,0.766005889180618
"duration",39,"R0 90th pct (9.1)",9.1455004281937,Inf,1.69771697248665
"duration",40,"R0 25th pct (2.0)",1.99157647802648,40.2805188057637,0.366218004573013
"duration",40,"R0 median (2.8)",2.80808526201542,49.8434585105509,0.516360477577653
"duration",40,"R0 75th pct (4.1)",4.12642819800479,82.8250744545875,0.758781958594228
"duration",40,"R0 90th pct (9.1)",9.1455004281937,Inf,1.68170640424194
"duration",60,"R0 25th pct (2.0)",1.99157647802648,38.6975693071782,0.319489495652065
"duration",60,"R0 median (2.8)",2.80808526201542,46.1285021195194,0.450474161553827
"duration",60,"R0 75th pct (4.1)",4.12642819800479,66.0587922518657,0.6619632629581
"duration",60,"R0 90th pct (9.1)",9.1455004281937,Inf,1.46712483880345
"duration",100,"R0 25th pct (2.0)",1.99157647802648,37.5451154379359,0.280126609618067
"duration",100,"R0 median (2.8)",2.80808526201542,43.647013195597,0.394973234844754
"duration",100,"R0 75th pct (4.1)",4.12642819800479,57.5554694995455,0.58040570055583
"duration",100,"R0 90th pct (9.1)",9.1455004281937,Inf,1.28636688396177
"duration",Inf,"R0 25th pct (2.0)",1.99157647802648,35.9883322761301,0.217480151400492
"duration",Inf,"R0 median (2.8)",2.80808526201542,40.5714593669393,0.306642910612084
"duration",Inf,"R0 75th pct (4.1)",4.12642819800479,49.0597161459328,0.450605959222123
"duration",Inf,"R0 90th pct (9.1)",9.1455004281937,Inf,0.998688646758753
"coverage",0.2,"R0 25th pct (2.0)",1.99157647802648,Inf,1.63675721270128
"coverage",0.2,"R0 median (2.8)",2.80808526201542,Inf,2.30779679173475
"coverage",0.2,"R0 75th pct (4.1)",4.12642819800479,Inf,3.39126375024826
"coverage",0.2,"R0 90th pct (9.1)",9.1455004281937,Inf,7.51613807190671
"coverage",0.22,"R0 25th pct (2.0)",1.99157647802648,Inf,1.60127528616876
"coverage",0.22,"R0 median (2.8)",2.80808526201542,Inf,2.25776794470669
"coverage",0.22,"R0 75th pct (4.1)",4.12642819800479,Inf,3.3177473054726
"coverage",0.22,"R0 90th pct (9.1)",9.1455004281937,Inf,7.35320183627801
"coverage",0.24,"R0 25th pct (2.0)",1.99157647802648,Inf,1.56579335963624
"coverage",0.24,"R0 median (2.8)",2.80808526201542,Inf,2.20773909767862
"coverage",0.24,"R0 75th pct (4.1)",4.12642819800479,Inf,3.24423086069695
"coverage",0.24,"R0 90th pct (9.1)",9.1455004281937,Inf,7.19026560064932
"coverage",0.26,"R0 25th pct (2.0)",1.99157647802648,Inf,1.53031143310372
"coverage",0.26,"R0 median (2.8)",2.80808526201542,Inf,2.15771025065055
"coverage",0.26,"R0 75th pct (4.1)",4.12642819800479,Inf,3.1707144159213
"coverage",0.26,"R0 90th pct (9.1)",9.1455004281937,Inf,7.02732936502062
"coverage",0.28,"R0 25th pct (2.0)",1.99157647802648,Inf,1.4948295065712
"coverage",0.28,"R0 median (2.8)",2.80808526201542,Inf,2.10768140362249
"coverage",0.28,"R0 75th pct (4.1)",4.12642819800479,Inf,3.09719797114564
"coverage",0.28,"R0 90th pct (9.1)",9.1455004281937,Inf,6.86439312939192
"coverage",0.3,"R0 25th pct (2.0)",1.99157647802648,Inf,1.45934758003868
"coverage",0.3,"R0 median (2.8)",2.80808526201542,Inf,2.05765255659442
"coverage",0.3,"R0 75th pct (4.1)",4.12642819800479,Inf,3.02368152636999
"coverage",0.3,"R0 90th pct (9.1)",9.1455004281937,Inf,6.70145689376322
"coverage",0.32,"R0 25th pct (2.0)",1.99157647802648,Inf,1.42386565350616
"coverage",0.32,"R0 median (2.8)",2.80808526201542,Inf,2.00762370956635
"coverage",0.32,"R0 75th pct (4.1)",4.12642819800479,Inf,2.95016508159434
"coverage",0.32,"R0 90th pct (9.1)",9.1455004281937,Inf,6.53852065813452
"coverage",0.34,"R0 25th pct (2.0)",1.99157647802648,Inf,1.38838372697364
"coverage",0.34,"R0 median (2.8)",2.80808526201542,Inf,1.95759486253829
"coverage",0.34,"R0 75th pct (4.1)",4.12642819800479,Inf,2.87664863681868
"coverage",0.34,"R0 90th pct (9.1)",9.1455004281937,Inf,6.37558442250582
"coverage",0.36,"R0 25th pct (2.0)",1.99157647802648,Inf,1.35290180044112
"coverage",0.36,"R0 median (2.8)",2.80808526201542,Inf,1.90756601551022
"coverage",0.36,"R0 75th pct (4.1)",4.12642819800479,Inf,2.80313219204303
"coverage",0.36,"R0 90th pct (9.1)",9.1455004281937,Inf,6.21264818687712
"coverage",0.38,"R0 25th pct (2.0)",1.99157647802648,Inf,1.3174198739086
"coverage",0.38,"R0 median (2.8)",2.80808526201542,Inf,1.85753716848215
"coverage",0.38,"R0 75th pct (4.1)",4.12642819800479,Inf,2.72961574726738
"coverage",0.38,"R0 90th pct (9.1)",9.1455004281937,Inf,6.04971195124842
"coverage",0.4,"R0 25th pct (2.0)",1.99157647802648,Inf,1.28193794737608
"coverage",0.4,"R0 median (2.8)",2.80808526201542,Inf,1.80750832145409
"coverage",0.4,"R0 75th pct (4.1)",4.12642819800479,Inf,2.65609930249172
"coverage",0.4,"R0 90th pct (9.1)",9.1455004281937,Inf,5.88677571561972
"coverage",0.42,"R0 25th pct (2.0)",1.99157647802648,Inf,1.24645602084356
"coverage",0.42,"R0 median (2.8)",2.80808526201542,Inf,1.75747947442602
"coverage",0.42,"R0 75th pct (4.1)",4.12642819800479,Inf,2.58258285771607
"coverage",0.42,"R0 90th pct (9.1)",9.1455004281937,Inf,5.72383947999102
"coverage",0.44,"R0 25th pct (2.0)",1.99157647802648,Inf,1.21097409431105
"coverage",0.44,"R0 median (2.8)",2.80808526201542,Inf,1.70745062739795
"coverage",0.44,"R0 75th pct (4.1)",4.12642819800479,Inf,2.50906641294042
"coverage",0.44,"R0 90th pct (9.1)",9.1455004281937,Inf,5.56090324436232
"coverage",0.46,"R0 25th pct (2.0)",1.99157647802648,Inf,1.17549216777853
"coverage",0.46,"R0 median (2.8)",2.80808526201542,Inf,1.65742178036989
"coverage",0.46,"R0 75th pct (4.1)",4.12642819800479,Inf,2.43554996816476
"coverage",0.46,"R0 90th pct (9.1)",9.1455004281937,Inf,5.39796700873363
"coverage",0.48,"R0 25th pct (2.0)",1.99157647802648,Inf,1.14001024124601
"coverage",0.48,"R0 median (2.8)",2.80808526201542,Inf,1.60739293334182
"coverage",0.48,"R0 75th pct (4.1)",4.12642819800479,Inf,2.36203352338911
"coverage",0.48,"R0 90th pct (9.1)",9.1455004281937,Inf,5.23503077310493
"coverage",0.5,"R0 25th pct (2.0)",1.99157647802648,Inf,1.10452831471349
"coverage",0.5,"R0 median (2.8)",2.80808526201542,Inf,1.55736408631375
"coverage",0.5,"R0 75th pct (4.1)",4.12642819800479,Inf,2.28851707861346
"coverage",0.5,"R0 90th pct (9.1)",9.1455004281937,Inf,5.07209453747623
"coverage",0.52,"R0 25th pct (2.0)",1.99157647802648,Inf,1.06904638818097
"coverage",0.52,"R0 median (2.8)",2.80808526201542,Inf,1.50733523928569
"coverage",0.52,"R0 75th pct (4.1)",4.12642819800479,Inf,2.2150006338378
"coverage",0.52,"R0 90th pct (9.1)",9.1455004281937,Inf,4.90915830184753
"coverage",0.54,"R0 25th pct (2.0)",1.99157647802648,Inf,1.03356446164845
"coverage",0.54,"R0 median (2.8)",2.80808526201542,Inf,1.45730639225762
"coverage",0.54,"R0 75th pct (4.1)",4.12642819800479,Inf,2.14148418906215
"coverage",0.54,"R0 90th pct (9.1)",9.1455004281937,Inf,4.74622206621883
"coverage",0.56,"R0 25th pct (2.0)",1.99157647802648,Inf,0.998082535115926
"coverage",0.56,"R0 median (2.8)",2.80808526201542,Inf,1.40727754522955
"coverage",0.56,"R0 75th pct (4.1)",4.12642819800479,Inf,2.0679677442865
"coverage",0.56,"R0 90th pct (9.1)",9.1455004281937,Inf,4.58328583059013
"coverage",0.58,"R0 25th pct (2.0)",1.99157647802648,Inf,0.962600608583407
"coverage",0.58,"R0 median (2.8)",2.80808526201542,Inf,1.35724869820148
"coverage",0.58,"R0 75th pct (4.1)",4.12642819800479,Inf,1.99445129951084
"coverage",0.58,"R0 90th pct (9.1)",9.1455004281937,Inf,4.42034959496143
"coverage",0.6,"R0 25th pct (2.0)",1.99157647802648,Inf,0.927118682050887
"coverage",0.6,"R0 median (2.8)",2.80808526201542,Inf,1.30721985117342
"coverage",0.6,"R0 75th pct (4.1)",4.12642819800479,Inf,1.92093485473519
"coverage",0.6,"R0 90th pct (9.1)",9.1455004281937,Inf,4.25741335933273
"coverage",0.62,"R0 25th pct (2.0)",1.99157647802648,151.763092302966,0.891636755518367
"coverage",0.62,"R0 median (2.8)",2.80808526201542,Inf,1.25719100414535
"coverage",0.62,"R0 75th pct (4.1)",4.12642819800479,Inf,1.84741840995954
"coverage",0.62,"R0 90th pct (9.1)",9.1455004281937,Inf,4.09447712370403
"coverage",0.64,"R0 25th pct (2.0)",1.99157647802648,122.463186585101,0.856154828985847
"coverage",0.64,"R0 median (2.8)",2.80808526201542,Inf,1.20716215711729
"coverage",0.64,"R0 75th pct (4.1)",4.12642819800479,Inf,1.77390196518388
"coverage",0.64,"R0 90th pct (9.1)",9.1455004281937,Inf,3.93154088807533
"coverage",0.66,"R0 25th pct (2.0)",1.99157647802648,103.534970198233,0.820672902453328
"coverage",0.66,"R0 median (2.8)",2.80808526201542,Inf,1.15713331008922
"coverage",0.66,"R0 75th pct (4.1)",4.12642819800479,Inf,1.70038552040823
"coverage",0.66,"R0 90th pct (9.1)",9.1455004281937,Inf,3.76860465244664
"coverage",0.68,"R0 25th pct (2.0)",1.99157647802648,90.2207716212948,0.785190975920808
"coverage",0.68,"R0 median (2.8)",2.80808526201542,Inf,1.10710446306115
"coverage",0.68,"R0 75th pct (4.1)",4.12642819800479,Inf,1.62686907563258
"coverage",0.68,"R0 90th pct (9.1)",9.1455004281937,Inf,3.60566841681794
"coverage",0.7,"R0 25th pct (2.0)",1.99157647802648,80.3112628717406,0.749709049388288
"coverage",0.7,"R0 median (2.8)",2.80808526201542,Inf,1.05707561603308
"coverage",0.7,"R0 75th pct (4.1)",4.12642819800479,Inf,1.55335263085692
"coverage",0.7,"R0 90th pct (9.1)",9.1455004281937,Inf,3.44273218118924
"coverage",0.72,"R0 25th pct (2.0)",1.99157647802648,72.6333236269464,0.714227122855769
"coverage",0.72,"R0 median (2.8)",2.80808526201542,Inf,1.00704676900502
"coverage",0.72,"R0 75th pct (4.1)",4.12642819800479,Inf,1.47983618608127
"coverage",0.72,"R0 90th pct (9.1)",9.1455004281937,Inf,3.27979594556054
"coverage",0.74,"R0 25th pct (2.0)",1.99157647802648,66.5034507425751,0.678745196323249
"coverage",0.74,"R0 median (2.8)",2.80808526201542,Inf,0.957017921976951
"coverage",0.74,"R0 75th pct (4.1)",4.12642819800479,Inf,1.40631974130562
"coverage",0.74,"R0 90th pct (9.1)",9.1455004281937,Inf,3.11685970993184
"coverage",0.76,"R0 25th pct (2.0)",1.99157647802648,61.4952279192261,0.643263269790729
"coverage",0.76,"R0 median (2.8)",2.80808526201542,169.923464860927,0.906989074948885
"coverage",0.76,"R0 75th pct (4.1)",4.12642819800479,Inf,1.33280329652996
"coverage",0.76,"R0 90th pct (9.1)",9.1455004281937,Inf,2.95392347430314
"coverage",0.78,"R0 25th pct (2.0)",1.99157647802648,57.3282152103579,0.607781343258209
"coverage",0.78,"R0 median (2.8)",2.80808526201542,123.739169661265,0.856960227920818
"coverage",0.78,"R0 75th pct (4.1)",4.12642819800479,Inf,1.25928685175431
"coverage",0.78,"R0 90th pct (9.1)",9.1455004281937,Inf,2.79098723867444
"coverage",0.8,"R0 25th pct (2.0)",1.99157647802648,53.8100285766568,0.572299416725689
"coverage",0.8,"R0 median (2.8)",2.80808526201542,99.0933605047657,0.806931380892751
"coverage",0.8,"R0 75th pct (4.1)",4.12642819800479,Inf,1.18577040697866
"coverage",0.8,"R0 90th pct (9.1)",9.1455004281937,Inf,2.62805100304574
"coverage",0.82,"R0 25th pct (2.0)",1.99157647802648,50.8040161656414,0.536817490193169
"coverage",0.82,"R0 median (2.8)",2.80808526201542,83.5923718604698,0.756902533864684
"coverage",0.82,"R0 75th pct (4.1)",4.12642819800479,Inf,1.112253962203
"coverage",0.82,"R0 90th pct (9.1)",9.1455004281937,Inf,2.46511476741704
"coverage",0.84,"R0 25th pct (2.0)",1.99157647802648,48.210189726923,0.50133556366065
"coverage",0.84,"R0 median (2.8)",2.80808526201542,72.8840126030251,0.706873686836618
"coverage",0.84,"R0 75th pct (4.1)",4.12642819800479,Inf,1.03873751742735
"coverage",0.84,"R0 90th pct (9.1)",9.1455004281937,Inf,2.30217853178834
"coverage",0.86,"R0 25th pct (2.0)",1.99157647802648,45.9534899930095,0.46585363712813
"coverage",0.86,"R0 median (2.8)",2.80808526201542,65.0244843562157,0.656844839808551
"coverage",0.86,"R0 75th pct (4.1)",4.12642819800479,Inf,0.965221072651696
"coverage",0.86,"R0 90th pct (9.1)",9.1455004281937,Inf,2.13924229615964
"coverage",0.88,"R0 25th pct (2.0)",1.99157647802648,43.9762945830925,0.43037171059561
"coverage",0.88,"R0 median (2.8)",2.80808526201542,59.0085549858202,0.606815992780484
"coverage",0.88,"R0 75th pct (4.1)",4.12642819800479,153.946718360998,0.891704627876043
"coverage",0.88,"R0 90th pct (9.1)",9.1455004281937,Inf,1.97630606053095
"coverage",0.9,"R0 25th pct (2.0)",1.99157647802648,42.2334918232589,0.39488978406309
"coverage",0.9,"R0 median (2.8)",2.80808526201542,54.2615244943104,0.556787145752417
"coverage",0.9,"R0 75th pct (4.1)",4.12642819800479,105.758158429815,0.818188183100389
"coverage",0.9,"R0 90th pct (9.1)",9.1455004281937,Inf,1.81336982490225
"coverage",0.92,"R0 25th pct (2.0)",1.99157647802648,40.6891541679791,0.359407857530571
"coverage",0.92,"R0 median (2.8)",2.80808526201542,50.4295015784366,0.506758298724351
"coverage",0.92,"R0 75th pct (4.1)",4.12642819800479,82.8254942528056,0.744671738324736
"coverage",0.92,"R0 90th pct (9.1)",9.1455004281937,Inf,1.65043358927355
"coverage",0.94,"R0 25th pct (2.0)",1.99157647802648,39.3142573254072,0.323925930998051
"coverage",0.94,"R0 median (2.8)",2.80808526201542,47.2814587706102,0.456729451696284
"coverage",0.94,"R0 75th pct (4.1)",4.12642819800479,69.2442369433321,0.671155293549083
"coverage",0.94,"R0 90th pct (9.1)",9.1455004281937,Inf,1.48749735364485
"coverage",0.96,"R0 25th pct (2.0)",1.99157647802648,38.08504227557,0.288444004465531
"coverage",0.96,"R0 median (2.8)",2.80808526201542,44.6592215501658,0.406700604668217
"coverage",0.96,"R0 75th pct (4.1)",4.12642819800479,60.2312656398295,0.59763884877343
"coverage",0.96,"R0 90th pct (9.1)",9.1455004281937,Inf,1.32456111801615
"coverage",0.98,"R0 25th pct (2.0)",1.99157647802648,36.9818740055275,0.252962077933011
"coverage",0.98,"R0 median (2.8)",2.80808526201542,42.4501623428065,0.356671757640151
"coverage",0.98,"R0 75th pct (4.1)",4.12642819800479,53.8241814541589,0.524122403997777
"coverage",0.98,"R0 90th pct (9.1)",9.1455004281937,Inf,1.16162488238745
"coverage",1,"R0 25th pct (2.0)",1.99157647802648,35.9883322761301,0.217480151400492
"coverage",1,"R0 median (2.8)",2.80808526201542,40.5714593669393,0.306642910612084
"coverage",1,"R0 75th pct (4.1)",4.12642819800479,49.0597161459328,0.450605959222123
"coverage",1,"R0 90th pct (9.1)",9.1455004281937,Inf,0.998688646758753
